"player_uid";"period";"treatment";"group";"receiver_uid";"sender_uid";"sent";"received";"sent_back";"returned";"period_payoff";"cumulative_payoff"
1;1;0;1;6;5;9;6;0;14;21;21
1;2;0;1;4;3;5;9;1;9;22;43
1;3;0;1;3;5;1;9;1;0;17;60
1;4;0;1;5;2;3;15;4;0;18;78
1;5;0;1;4;5;1;9;0;1;19;97
1;6;0;1;5;5;4;3;0;0;9;106
1;7;0;1;3;6;6;30;5;1;30;136
1;8;0;1;6;5;10;9;0;15;24;160
1;9;0;1;2;6;10;30;10;8;28;188
1;10;0;1;4;2;10;9;0;10;19;207
1;11;0;1;4;5;9;0;0;13;14;221
1;12;0;1;5;6;0;30;0;0;40;261
1;13;0;1;6;5;0;0;0;0;10;271
1;14;0;1;4;2;5;15;0;3;23;294
1;15;0;1;6;2;10;18;0;15;33;327
1;16;0;1;6;4;5;15;0;8;28;355
1;17;0;1;5;3;10;18;0;0;18;373
1;18;0;1;4;4;5;21;0;5;31;404
1;19;0;1;5;4;3;18;0;0;25;429
1;20;0;1;4;5;8;0;0;5;7;436
1;21;0;1;2;2;1;12;0;0;21;457
1;22;0;1;2;5;0;6;0;0;16;473
1;23;0;1;6;6;5;30;0;8;43;516
1;24;0;1;6;2;0;0;0;0;10;526
1;25;0;1;4;3;7;12;0;5;20;546
1;26;0;1;6;2;0;15;0;0;25;571
1;27;0;1;6;6;6;0;0;9;13;584
1;28;0;1;4;6;0;0;0;0;10;594
1;29;0;1;4;4;0;6;0;0;16;610
1;30;0;1;4;3;0;0;0;0;10;620
2;1;0;1;3;4;5;9;1;4;17;17
2;2;0;1;5;5;5;3;0;0;8;25
2;3;0;1;5;4;4;15;6;0;15;40
2;4;0;1;1;6;5;30;10;4;29;69
2;5;0;1;3;6;5;30;8;0;27;96
2;6;0;1;6;4;4;15;4;6;23;119
2;7;0;1;5;4;5;18;7;0;16;135
2;8;0;1;3;4;4;21;8;0;19;154
2;9;0;1;4;1;4;30;8;2;30;184
2;10;0;1;1;5;3;9;0;0;16;200
2;11;0;1;6;3;5;12;2;8;23;223
2;12;0;1;6;4;5;15;6;8;22;245
2;13;0;1;3;6;5;15;5;1;16;261
2;14;0;1;1;6;5;30;8;0;27;288
2;15;0;1;1;3;6;12;2;0;14;302
2;16;0;1;4;3;5;0;0;2;7;309
2;17;0;1;6;4;4;21;6;6;27;336
2;18;0;1;3;3;5;12;2;0;15;351
2;19;0;1;6;6;5;30;8;8;35;386
2;20;0;1;5;4;5;18;7;0;16;402
2;21;0;1;1;1;4;3;0;0;9;411
2;22;0;1;4;1;0;0;0;0;10;421
2;23;0;1;4;3;0;12;0;0;22;443
2;24;0;1;1;4;0;9;0;0;19;462
2;25;0;1;5;6;0;15;0;0;25;487
2;26;0;1;1;3;5;0;0;0;5;492
2;27;0;1;4;4;0;6;0;0;16;508
2;28;0;1;3;3;0;0;0;0;10;518
2;29;0;1;3;3;0;3;0;0;13;531
2;30;0;1;6;4;0;3;0;0;13;544
3;1;0;1;5;2;7;15;4;0;14;14
3;2;0;1;1;6;3;30;10;1;28;42
3;3;0;1;6;1;0;3;0;0;13;55
3;4;0;1;4;4;6;15;4;4;19;74
3;5;0;1;5;2;3;15;0;0;22;96
3;6;0;1;4;6;5;30;10;4;29;125
3;7;0;1;4;1;4;18;1;1;24;149
3;8;0;1;4;2;5;12;0;3;20;169
3;9;0;1;5;4;7;18;0;0;21;190
3;10;0;1;5;6;1;30;0;0;39;229
3;11;0;1;2;4;4;18;3;2;23;252
3;12;0;1;4;5;0;0;0;0;10;262
3;13;0;1;4;2;4;15;1;3;23;285
3;14;0;1;5;5;4;6;0;1;13;298
3;15;0;1;2;5;4;0;0;2;8;306
3;16;0;1;2;5;0;0;0;0;10;316
3;17;0;1;1;5;6;12;1;0;15;331
3;18;0;1;2;2;4;15;0;2;23;354
3;19;0;1;4;5;4;6;0;0;12;366
3;20;0;1;6;6;4;30;2;6;40;406
3;21;0;1;6;4;4;21;4;6;29;435
3;22;0;1;6;6;4;30;4;6;38;473
3;23;0;1;2;5;4;0;0;0;6;479
3;24;0;1;5;6;0;30;0;0;40;519
3;25;0;1;1;4;4;9;1;0;14;533
3;26;0;1;2;6;0;15;0;0;25;558
3;27;0;1;5;5;4;0;0;0;6;564
3;28;0;1;2;2;0;0;0;0;10;574
3;29;0;1;2;2;1;0;0;0;9;583
3;30;0;1;1;5;0;0;0;0;10;593
4;1;0;1;2;6;3;30;10;1;28;28
4;2;0;1;6;1;4;15;9;6;18;46
4;3;0;1;2;6;5;30;16;6;25;71
4;4;0;1;3;3;5;18;4;4;23;94
4;5;0;1;6;1;6;3;1;9;15;109
4;6;0;1;2;3;5;15;4;4;20;129
4;7;0;1;2;3;6;12;1;7;22;151
4;8;0;1;2;3;7;15;3;8;23;174
4;9;0;1;3;2;6;12;2;0;14;188
4;10;0;1;6;1;5;30;10;8;33;221
4;11;0;1;3;1;6;27;13;3;21;242
4;12;0;1;2;3;5;0;0;6;11;253
4;13;0;1;5;3;5;12;3;0;14;267
4;14;0;1;6;1;5;15;3;8;25;292
4;15;0;1;5;6;6;30;5;0;29;321
4;16;0;1;1;2;5;15;2;0;18;339
4;17;0;1;2;6;7;30;9;6;30;369
4;18;0;1;1;1;7;15;5;0;13;382
4;19;0;1;1;3;6;12;0;0;16;398
4;20;0;1;2;1;6;24;5;7;30;428
4;21;0;1;3;5;7;0;0;4;7;435
4;22;0;1;5;2;5;0;0;0;5;440
4;23;0;1;5;2;6;0;0;0;4;444
4;24;0;1;2;5;3;0;0;0;7;451
4;25;0;1;3;1;3;21;5;1;24;475
4;26;0;1;5;5;4;0;0;0;6;481
4;27;0;1;2;2;2;0;0;0;8;489
4;28;0;1;5;1;1;0;0;0;9;498
4;29;0;1;1;1;2;0;0;0;8;506
4;30;0;1;2;1;1;0;0;0;9;515
5;1;0;1;1;3;2;21;0;0;29;29
5;2;0;1;2;2;1;15;0;0;24;53
5;3;0;1;1;2;3;12;0;1;20;73
5;4;0;1;6;1;2;9;0;3;20;93
5;5;0;1;1;3;3;9;0;0;16;109
5;6;0;1;1;1;1;12;0;0;21;130
5;7;0;1;6;2;0;15;0;0;25;155
5;8;0;1;1;6;3;30;0;0;37;192
5;9;0;1;6;3;0;21;0;0;31;223
5;10;0;1;2;3;3;3;0;0;10;233
5;11;0;1;1;6;0;30;0;0;40;273
5;12;0;1;3;1;0;0;0;0;10;283
5;13;0;1;1;4;0;15;0;0;25;308
5;14;0;1;3;3;2;12;1;0;19;327
5;15;0;1;3;4;0;18;0;0;28;355
5;16;0;1;3;6;0;30;1;0;39;394
5;17;0;1;3;1;4;30;0;1;37;431
5;18;0;1;6;6;0;30;0;0;40;471
5;19;0;1;3;1;2;9;0;0;17;488
5;20;0;1;1;2;0;15;0;0;25;513
5;21;0;1;4;6;0;30;0;0;40;553
5;22;0;1;1;4;2;15;0;0;23;576
5;23;0;1;3;4;0;18;0;0;28;604
5;24;0;1;4;3;0;0;0;0;10;614
5;25;0;1;6;2;0;0;0;0;10;624
5;26;0;1;4;4;0;12;0;0;22;646
5;27;0;1;3;3;0;12;0;0;22;668
5;28;0;1;6;4;0;3;0;0;13;681
5;29;0;1;6;6;0;0;0;0;10;691
5;30;0;1;3;6;0;0;0;0;10;701
6;1;0;1;4;1;10;27;14;10;23;23
6;2;0;1;3;4;10;12;6;10;16;39
6;3;0;1;4;3;10;0;0;16;16;55
6;4;0;1;2;5;10;6;3;10;13;68
6;5;0;1;2;4;10;18;9;8;17;85
6;6;0;1;3;2;10;12;6;10;16;101
6;7;0;1;1;5;10;0;0;5;5;106
6;8;0;1;5;1;10;30;15;0;15;121
6;9;0;1;1;5;10;0;0;10;10;131
6;10;0;1;3;4;10;15;8;0;7;138
6;11;0;1;5;2;10;15;8;0;7;145
6;12;0;1;1;2;10;15;8;0;7;152
6;13;0;1;2;1;5;0;0;5;10;162
6;14;0;1;2;4;10;15;8;8;15;177
6;15;0;1;4;1;10;30;15;5;20;197
6;16;0;1;5;1;10;15;8;1;8;205
6;17;0;1;4;2;10;12;6;9;15;220
6;18;0;1;5;5;10;0;0;0;0;220
6;19;0;1;2;2;10;15;8;8;15;235
6;20;0;1;3;3;10;12;6;2;8;243
6;21;0;1;5;3;10;12;6;0;6;249
6;22;0;1;3;3;10;12;6;4;10;259
6;23;0;1;1;1;10;15;8;0;7;266
6;24;0;1;3;1;10;0;0;0;0;266
6;25;0;1;2;5;5;0;0;0;5;271
6;26;0;1;3;1;5;0;0;0;5;276
6;27;0;1;1;1;0;18;9;0;19;295
6;28;0;1;1;5;0;0;0;0;10;305
6;29;0;1;5;5;0;0;0;0;10;315
6;30;0;1;5;2;0;0;0;0;10;325
7;1;0;2;10;11;3;9;4;2;14;14
7;2;0;2;10;10;2;6;1;1;14;28
7;3;0;2;12;11;4;15;7;0;14;42
7;4;0;2;11;9;3;18;5;4;24;66
7;5;0;2;12;11;4;30;15;0;21;87
7;6;0;2;10;10;5;0;0;2;7;94
7;7;0;2;10;8;3;12;3;1;17;111
7;8;0;2;10;12;6;0;0;2;6;117
7;9;0;2;10;10;0;6;2;0;14;131
7;10;0;2;9;10;2;3;0;1;12;143
7;11;0;2;11;9;6;18;9;7;20;163
7;12;0;2;12;9;2;27;12;0;23;186
7;13;0;2;12;10;7;0;0;0;3;189
7;14;0;2;9;11;4;15;2;4;23;212
7;15;0;2;12;10;5;3;1;0;7;219
7;16;0;2;11;11;0;15;5;0;20;239
7;17;0;2;12;10;4;0;0;0;6;245
7;18;0;2;9;11;1;15;0;0;24;269
7;19;0;2;12;12;7;0;0;0;3;272
7;20;0;2;12;8;6;0;0;0;4;276
7;21;0;2;9;11;0;15;2;0;23;299
7;22;0;2;11;8;3;6;2;4;15;314
7;23;0;2;11;10;3;0;0;3;10;324
7;24;0;2;10;12;4;0;0;1;7;331
7;25;0;2;11;11;0;6;0;0;16;347
7;26;0;2;9;12;4;0;0;0;6;353
7;27;0;2;10;9;2;12;4;0;16;369
7;28;0;2;9;12;3;0;0;0;7;376
7;29;0;2;10;11;0;0;0;0;10;386
7;30;0;2;12;10;7;0;0;0;3;389
8;1;0;2;12;12;4;0;0;0;6;6
8;2;0;2;12;9;3;3;0;0;10;16
8;3;0;2;10;12;2;0;0;1;9;25
8;4;0;2;10;12;0;0;0;0;10;35
8;5;0;2;11;10;2;0;0;3;11;46
8;6;0;2;9;11;3;30;12;2;27;73
8;7;0;2;7;12;4;0;0;3;9;82
8;8;0;2;9;10;2;3;0;1;12;94
8;9;0;2;9;9;5;6;2;4;13;107
8;10;0;2;10;11;10;15;0;3;18;125
8;11;0;2;10;12;3;0;0;1;8;133
8;12;0;2;10;10;6;3;1;2;8;141
8;13;0;2;10;9;0;30;12;0;28;169
8;14;0;2;12;10;10;0;0;0;0;169
8;15;0;2;10;9;0;3;0;0;13;182
8;16;0;2;10;10;2;0;0;0;8;190
8;17;0;2;11;9;4;18;6;6;24;214
8;18;0;2;10;9;4;3;1;1;9;223
8;19;0;2;9;11;0;15;0;0;25;248
8;20;0;2;7;10;0;0;0;0;10;258
8;21;0;2;11;10;0;3;0;0;13;271
8;22;0;2;7;12;2;0;0;2;10;281
8;23;0;2;10;11;4;0;0;0;6;287
8;24;0;2;11;11;0;0;0;0;10;297
8;25;0;2;9;12;4;0;0;0;6;303
8;26;0;2;12;10;0;0;0;0;10;313
8;27;0;2;9;11;0;0;0;0;10;323
8;28;0;2;11;9;0;3;0;0;13;336
8;29;0;2;9;12;0;0;0;0;10;346
8;30;0;2;9;11;0;0;0;0;10;356
9;1;0;2;11;10;3;9;4;3;15;15
9;2;0;2;8;11;1;12;3;0;18;33
9;3;0;2;11;10;5;9;1;6;19;52
9;4;0;2;7;11;6;18;7;5;20;72
9;5;0;2;10;12;0;0;0;0;10;82
9;6;0;2;12;8;8;9;2;0;9;91
9;7;0;2;12;11;1;30;5;0;34;125
9;8;0;2;11;8;3;6;1;4;16;141
9;9;0;2;8;8;2;15;4;2;21;162
9;10;0;2;12;7;4;6;1;0;11;173
9;11;0;2;7;11;6;9;0;9;22;195
9;12;0;2;7;11;9;15;3;12;25;220
9;13;0;2;8;11;10;15;0;12;27;247
9;14;0;2;10;7;2;12;4;0;16;263
9;15;0;2;8;11;1;15;0;0;24;287
9;16;0;2;12;12;8;0;0;0;2;289
9;17;0;2;8;12;6;0;0;6;10;299
9;18;0;2;8;7;1;3;0;1;13;312
9;19;0;2;10;8;1;0;0;0;9;321
9;20;0;2;11;11;2;15;0;3;26;347
9;21;0;2;12;7;6;0;0;0;4;351
9;22;0;2;10;11;0;0;0;0;10;361
9;23;0;2;12;12;3;0;0;0;7;368
9;24;0;2;12;10;1;0;0;0;9;377
9;25;0;2;10;8;7;12;0;1;16;393
9;26;0;2;11;7;0;12;0;0;22;415
9;27;0;2;7;8;4;0;0;4;10;425
9;28;0;2;8;7;1;9;0;0;18;443
9;29;0;2;12;8;1;0;0;0;9;452
9;30;0;2;10;8;0;0;0;0;10;462
10;1;0;2;9;7;3;9;2;4;18;18
10;2;0;2;7;7;2;6;1;1;14;32
10;3;0;2;9;8;3;6;1;1;13;45
10;4;0;2;12;8;1;0;0;0;9;54
10;5;0;2;8;9;0;0;0;0;10;64
10;6;0;2;7;7;0;15;2;0;23;87
10;7;0;2;11;7;0;9;1;0;18;105
10;8;0;2;8;7;1;18;2;0;25;130
10;9;0;2;7;7;2;0;0;2;10;140
10;10;0;2;7;8;1;30;3;0;36;176
10;11;0;2;12;8;1;9;1;0;17;193
10;12;0;2;8;8;1;18;2;1;26;219
10;13;0;2;7;8;0;0;0;0;10;229
10;14;0;2;8;9;0;6;0;0;16;245
10;15;0;2;7;8;1;0;0;1;10;255
10;16;0;2;8;8;0;6;0;0;16;271
10;17;0;2;7;11;0;15;1;0;24;295
10;18;0;2;12;8;0;12;1;0;21;316
10;19;0;2;11;9;0;3;0;0;13;329
10;20;0;2;8;12;0;0;0;0;10;339
10;21;0;2;8;12;1;0;0;0;9;348
10;22;0;2;12;9;0;0;0;0;10;358
10;23;0;2;7;8;0;12;0;0;22;380
10;24;0;2;9;7;0;12;1;0;21;401
10;25;0;2;12;9;0;21;1;0;30;431
10;26;0;2;8;11;0;0;0;0;10;441
10;27;0;2;12;7;0;6;0;0;16;457
10;28;0;2;12;11;1;0;0;0;9;466
10;29;0;2;11;7;0;0;0;0;10;476
10;30;0;2;7;9;0;0;0;0;10;486
11;1;0;2;7;9;3;9;3;4;17;17
11;2;0;2;9;12;4;0;0;3;9;26
11;3;0;2;7;9;5;15;6;7;21;47
11;4;0;2;9;7;6;9;4;7;16;63
11;5;0;2;7;8;10;6;3;15;18;81
11;6;0;2;8;12;10;0;0;12;12;93
11;7;0;2;9;10;10;0;0;5;5;98
11;8;0;2;12;9;10;9;4;0;5;103
11;9;0;2;12;12;5;0;0;0;5;108
11;10;0;2;8;12;5;0;0;0;5;113
11;11;0;2;9;7;3;18;7;0;18;131
11;12;0;2;9;12;5;0;0;3;8;139
11;13;0;2;9;12;5;0;0;0;5;144
11;14;0;2;7;12;5;0;0;2;7;151
11;15;0;2;9;12;5;0;0;0;5;156
11;16;0;2;7;7;5;0;0;5;10;166
11;17;0;2;10;8;5;12;6;1;12;178
11;18;0;2;7;12;5;0;0;0;5;183
11;19;0;2;8;10;5;0;0;0;5;188
11;20;0;2;9;9;5;6;3;0;8;196
11;21;0;2;7;8;5;0;0;2;7;203
11;22;0;2;9;7;0;9;4;0;15;218
11;23;0;2;8;7;0;9;3;0;16;234
11;24;0;2;8;8;0;0;0;0;10;244
11;25;0;2;7;7;2;0;0;0;8;252
11;26;0;2;10;9;0;0;0;0;10;262
11;27;0;2;8;12;0;0;0;0;10;272
11;28;0;2;10;8;0;0;0;0;10;282
11;29;0;2;7;10;0;0;0;0;10;292
11;30;0;2;8;12;0;0;0;0;10;302
12;1;0;2;8;8;0;12;0;0;22;22
12;2;0;2;11;8;0;9;0;0;19;41
12;3;0;2;8;7;0;12;0;0;22;63
12;4;0;2;8;10;0;3;0;0;13;76
12;5;0;2;9;7;0;12;0;0;22;98
12;6;0;2;11;9;0;24;0;0;34;132
12;7;0;2;8;9;0;3;0;0;13;145
12;8;0;2;7;11;0;30;0;0;40;185
12;9;0;2;11;11;0;15;0;0;25;210
12;10;0;2;11;9;0;12;0;0;22;232
12;11;0;2;8;10;0;3;0;0;13;245
12;12;0;2;11;7;0;6;0;0;16;261
12;13;0;2;11;7;0;21;0;0;31;292
12;14;0;2;11;8;0;30;0;0;40;332
12;15;0;2;11;7;0;15;0;0;25;357
12;16;0;2;9;9;0;24;0;0;34;391
12;17;0;2;9;7;0;12;0;0;22;413
12;18;0;2;11;10;0;0;0;0;10;423
12;19;0;2;7;7;0;21;0;0;31;454
12;20;0;2;10;7;0;18;0;0;28;482
12;21;0;2;10;9;0;18;0;0;28;510
12;22;0;2;8;10;0;0;0;0;10;520
12;23;0;2;9;9;0;9;0;0;19;539
12;24;0;2;7;9;0;3;0;0;13;552
12;25;0;2;8;10;0;0;0;0;10;562
12;26;0;2;7;8;0;0;0;0;10;572
12;27;0;2;11;10;0;0;0;0;10;582
12;28;0;2;7;10;0;3;0;0;13;595
12;29;0;2;8;9;0;3;0;0;13;608
12;30;0;2;11;7;0;21;0;0;31;639
13;1;0;3;18;16;4;21;8;5;24;24
13;2;0;3;15;16;3;18;6;0;19;43
13;3;0;3;17;16;5;21;8;0;18;61
13;4;0;3;16;18;1;12;4;1;18;79
13;5;0;3;15;14;3;24;7;4;28;107
13;6;0;3;18;17;2;12;3;1;18;125
13;7;0;3;14;14;3;27;6;0;28;153
13;8;0;3;15;15;0;21;4;0;27;180
13;9;0;3;16;17;0;27;8;0;29;209
13;10;0;3;14;16;0;21;5;0;26;235
13;11;0;3;18;17;0;27;7;0;30;265
13;12;0;3;16;17;0;30;8;0;32;297
13;13;0;3;17;15;0;30;5;0;35;332
13;14;0;3;17;16;0;12;2;0;20;352
13;15;0;3;18;18;0;12;0;0;22;374
13;16;0;3;16;16;0;15;2;0;23;397
13;17;0;3;17;14;0;30;5;0;35;432
13;18;0;3;17;16;0;24;6;0;28;460
13;19;0;3;14;14;0;30;3;0;37;497
13;20;0;3;17;17;0;6;0;0;16;513
13;21;0;3;18;17;0;24;3;0;31;544
13;22;0;3;14;18;0;15;1;0;24;568
13;23;0;3;16;14;0;0;0;0;10;578
13;24;0;3;16;14;0;0;0;0;10;588
13;25;0;3;17;15;0;0;0;0;10;598
13;26;0;3;15;14;0;0;0;0;10;608
13;27;0;3;16;17;0;0;0;0;10;618
13;28;0;3;15;15;0;0;0;0;10;628
13;29;0;3;15;16;0;18;0;0;28;656
13;30;0;3;14;18;0;3;0;0;13;669
14;1;0;3;16;18;5;6;2;3;12;12
14;2;0;3;17;18;6;9;2;1;12;24
14;3;0;3;18;17;5;24;9;7;27;51
14;4;0;3;18;17;5;27;5;5;32;83
14;5;0;3;13;17;8;21;7;7;23;106
14;6;0;3;16;16;9;21;7;3;18;124
14;7;0;3;13;13;9;9;0;6;16;140
14;8;0;3;18;17;9;30;10;7;28;168
14;9;0;3;18;15;10;9;0;8;17;185
14;10;0;3;17;13;10;0;0;0;0;185
14;11;0;3;17;15;10;27;9;1;19;204
14;12;0;3;17;15;10;27;9;0;18;222
14;13;0;3;18;18;9;12;0;6;19;241
14;14;0;3;15;15;9;30;10;18;39;280
14;15;0;3;16;16;10;21;0;2;23;303
14;16;0;3;17;15;10;30;10;0;20;323
14;17;0;3;13;16;10;12;0;5;17;340
14;18;0;3;15;18;10;15;0;20;35;375
14;19;0;3;13;13;10;0;0;3;3;378
14;20;0;3;18;16;9;12;0;3;16;394
14;21;0;3;15;16;10;18;6;0;12;406
14;22;0;3;18;13;9;0;0;1;2;408
14;23;0;3;13;18;0;18;0;0;28;436
14;24;0;3;13;18;0;9;0;0;19;455
14;25;0;3;15;17;9;18;0;0;19;474
14;26;0;3;13;17;0;3;0;0;13;487
14;27;0;3;18;18;0;27;0;0;37;524
14;28;0;3;17;17;0;6;0;0;16;540
14;29;0;3;17;18;0;6;0;0;16;556
14;30;0;3;16;13;0;0;0;0;10;566
15;1;0;3;17;17;7;27;18;2;14;14
15;2;0;3;16;13;6;9;0;4;17;31
15;3;0;3;16;18;5;3;0;1;9;40
15;4;0;3;17;16;5;21;16;1;11;51
15;5;0;3;17;13;5;9;4;3;13;64
15;6;0;3;17;18;8;6;0;0;8;72
15;7;0;3;17;17;1;9;0;1;19;91
15;8;0;3;13;13;7;0;0;4;7;98
15;9;0;3;14;16;3;15;10;0;12;110
15;10;0;3;18;17;9;18;12;7;14;124
15;11;0;3;14;16;9;18;10;9;18;142
15;12;0;3;14;18;9;9;0;9;19;161
15;13;0;3;13;16;10;6;6;5;5;166
15;14;0;3;14;14;10;27;18;10;19;185
15;15;0;3;17;17;10;3;0;0;3;188
15;16;0;3;14;18;10;21;14;10;17;205
15;17;0;3;18;17;7;9;1;4;15;220
15;18;0;3;18;14;7;30;20;3;16;236
15;19;0;3;18;17;7;0;0;2;5;241
15;20;0;3;16;18;7;9;0;1;13;254
15;21;0;3;16;14;7;30;0;1;34;288
15;22;0;3;16;17;0;21;3;0;28;316
15;23;0;3;17;16;0;9;0;0;19;335
15;24;0;3;17;16;0;15;0;0;25;360
15;25;0;3;13;14;0;27;0;0;37;397
15;26;0;3;16;13;0;0;0;0;10;407
15;27;0;3;17;16;0;18;0;0;28;435
15;28;0;3;13;13;0;0;0;0;10;445
15;29;0;3;16;13;0;0;0;0;10;455
15;30;0;3;17;17;0;9;0;0;19;474
16;1;0;3;13;14;7;15;3;8;23;23
16;2;0;3;13;15;6;18;4;6;24;47
16;3;0;3;13;15;7;15;1;8;25;72
16;4;0;3;15;13;7;3;1;16;21;93
16;5;0;3;18;18;8;9;1;9;19;112
16;6;0;3;14;14;7;27;3;7;34;146
16;7;0;3;18;18;8;15;1;8;24;170
16;8;0;3;17;18;2;18;2;0;24;194
16;9;0;3;15;13;5;0;0;10;15;209
16;10;0;3;13;18;7;21;5;5;24;233
16;11;0;3;15;18;6;15;5;10;24;257
16;12;0;3;18;13;7;0;0;6;9;266
16;13;0;3;15;17;2;15;1;6;28;294
16;14;0;3;13;18;4;6;0;2;14;308
16;15;0;3;14;14;7;30;2;0;31;339
16;16;0;3;13;13;5;0;0;2;7;346
16;17;0;3;14;18;4;24;1;0;29;375
16;18;0;3;13;17;8;27;3;6;32;407
16;19;0;3;17;18;5;27;3;0;29;436
16;20;0;3;14;15;4;21;1;0;26;462
16;21;0;3;14;15;6;21;1;6;30;492
16;22;0;3;17;15;8;0;0;0;2;494
16;23;0;3;15;13;3;0;0;0;7;501
16;24;0;3;15;13;5;0;0;0;5;506
16;25;0;3;18;18;7;12;1;2;16;522
16;26;0;3;18;15;3;0;0;0;7;529
16;27;0;3;15;13;6;0;0;0;4;533
16;28;0;3;18;18;5;9;1;0;13;546
16;29;0;3;13;15;6;0;0;0;4;550
16;30;0;3;18;14;7;0;0;2;5;555
17;1;0;3;15;15;9;21;2;18;38;38
17;2;0;3;18;14;10;18;1;12;29;67
17;3;0;3;14;13;8;15;0;9;26;93
17;4;0;3;14;15;9;15;1;5;20;113
17;5;0;3;14;15;7;15;3;7;22;135
17;6;0;3;13;15;4;24;0;3;33;168
17;7;0;3;15;15;3;3;1;0;9;177
17;8;0;3;14;16;10;6;0;10;16;193
17;9;0;3;13;18;9;27;1;8;35;228
17;10;0;3;15;14;6;30;0;12;46;274
17;11;0;3;13;14;9;30;1;7;37;311
17;12;0;3;13;14;10;30;0;8;38;349
17;13;0;3;16;13;5;0;0;1;6;355
17;14;0;3;18;13;8;0;0;5;7;362
17;15;0;3;15;15;1;30;0;0;39;401
17;16;0;3;18;14;2;30;0;0;38;439
17;17;0;3;15;13;3;0;0;1;8;447
17;18;0;3;16;13;9;0;0;3;4;451
17;19;0;3;15;16;0;15;0;0;25;476
17;20;0;3;13;13;2;0;0;0;8;484
17;21;0;3;13;18;8;21;0;3;26;510
17;22;0;3;15;16;7;24;0;3;30;540
17;23;0;3;18;15;5;0;0;1;6;546
17;24;0;3;18;15;3;0;0;0;7;553
17;25;0;3;14;13;6;0;0;0;4;557
17;26;0;3;14;18;1;15;0;0;24;581
17;27;0;3;13;15;0;0;0;0;10;591
17;28;0;3;14;14;2;0;0;0;8;599
17;29;0;3;18;14;8;0;0;2;4;603
17;30;0;3;15;15;3;0;0;0;7;610
18;1;0;3;14;13;2;12;5;2;17;17
18;2;0;3;14;17;3;30;12;2;27;44
18;3;0;3;15;14;1;15;7;0;17;61
18;4;0;3;13;14;4;15;5;4;20;81
18;5;0;3;16;16;3;24;9;1;23;104
18;6;0;3;15;13;2;6;1;0;13;117
18;7;0;3;16;16;5;24;8;1;22;139
18;8;0;3;16;14;6;27;7;2;26;165
18;9;0;3;17;14;9;30;8;1;24;189
18;10;0;3;16;15;7;27;7;5;28;217
18;11;0;3;16;13;5;0;0;5;10;227
18;12;0;3;15;16;3;21;6;0;22;249
18;13;0;3;14;14;4;27;6;0;27;276
18;14;0;3;16;17;2;24;5;0;27;303
18;15;0;3;13;13;4;0;0;0;6;309
18;16;0;3;15;17;7;6;0;14;23;332
18;17;0;3;16;15;8;21;4;1;20;352
18;18;0;3;14;15;5;21;3;0;23;375
18;19;0;3;16;15;9;21;2;3;23;398
18;20;0;3;15;14;3;27;3;0;31;429
18;21;0;3;17;13;7;0;0;0;3;432
18;22;0;3;13;14;5;27;1;1;32;464
18;23;0;3;14;17;6;15;1;0;18;482
18;24;0;3;14;17;3;9;0;0;16;498
18;25;0;3;16;16;4;21;2;1;26;524
18;26;0;3;17;16;5;9;0;0;14;538
18;27;0;3;14;14;9;0;0;0;1;539
18;28;0;3;16;16;3;15;0;1;23;562
18;29;0;3;14;17;2;24;2;0;30;592
18;30;0;3;13;16;1;21;2;0;28;620
19;1;0;4;21;21;1;12;0;0;21;21
19;2;0;4;24;24;1;30;0;3;42;63
19;3;0;4;22;20;1;12;0;1;22;85
19;4;0;4;21;23;1;6;0;0;15;100
19;5;0;4;20;21;1;3;0;0;12;112
19;6;0;4;20;21;1;6;0;0;15;127
19;7;0;4;24;23;1;21;0;2;32;159
19;8;0;4;24;23;1;27;0;3;39;198
19;9;0;4;23;20;1;12;0;2;23;221
19;10;0;4;23;20;1;9;0;1;19;240
19;11;0;4;21;23;1;3;0;0;12;252
19;12;0;4;21;24;1;6;0;0;15;267
19;13;0;4;20;21;2;6;0;0;14;281
19;14;0;4;24;21;1;3;0;1;13;294
19;15;0;4;21;20;1;24;0;0;33;327
19;16;0;4;24;21;1;6;0;2;17;344
19;17;0;4;20;21;1;6;0;0;15;359
19;18;0;4;20;24;1;30;0;0;39;398
19;19;0;4;24;23;0;12;0;0;22;420
19;20;0;4;24;20;0;21;0;0;31;451
19;21;0;4;23;24;0;18;0;0;28;479
19;22;0;4;21;21;1;3;0;0;12;491
19;23;0;4;22;22;1;9;0;0;18;509
19;24;0;4;23;21;1;3;0;0;12;521
19;25;0;4;21;20;1;24;0;0;33;554
19;26;0;4;24;24;0;18;0;0;28;582
19;27;0;4;21;22;0;0;0;0;10;592
19;28;0;4;22;23;0;9;0;0;19;611
19;29;0;4;20;23;0;24;0;0;34;645
19;30;0;4;20;22;0;9;0;0;19;664
20;1;0;4;22;23;4;24;1;5;34;34
20;2;0;4;21;23;4;27;1;2;34;68
20;3;0;4;19;24;4;24;1;0;29;97
20;4;0;4;22;22;4;18;0;5;29;126
20;5;0;4;24;19;4;3;0;12;21;147
20;6;0;4;22;19;3;3;0;4;14;161
20;7;0;4;23;24;4;30;0;2;38;199
20;8;0;4;22;24;4;30;0;5;41;240
20;9;0;4;19;22;4;12;1;0;17;257
20;10;0;4;19;24;3;9;0;0;16;273
20;11;0;4;23;21;4;3;0;1;10;283
20;12;0;4;22;22;8;18;0;10;30;313
20;13;0;4;22;19;8;6;0;0;8;321
20;14;0;4;23;24;4;21;0;1;28;349
20;15;0;4;19;23;8;21;0;0;23;372
20;16;0;4;21;22;8;15;0;0;17;389
20;17;0;4;21;19;3;3;0;0;10;399
20;18;0;4;24;19;6;3;0;18;25;424
20;19;0;4;21;22;6;12;0;0;16;440
20;20;0;4;19;23;7;3;0;0;6;446
20;21;0;4;24;21;4;0;0;7;13;459
20;22;0;4;23;22;4;0;0;1;7;466
20;23;0;4;21;21;5;3;0;0;8;474
20;24;0;4;24;22;8;6;0;18;26;500
20;25;0;4;19;23;8;15;0;0;17;517
20;26;0;4;22;21;8;6;0;4;12;529
20;27;0;4;23;23;8;18;0;0;20;549
20;28;0;4;24;22;8;0;0;19;21;570
20;29;0;4;22;19;8;0;0;4;6;576
20;30;0;4;23;19;7;0;0;0;3;579
21;1;0;4;19;19;4;3;0;0;9;9
21;2;0;4;22;20;1;12;2;1;20;29
21;3;0;4;23;23;2;15;0;1;24;53
21;4;0;4;24;19;1;3;0;3;15;68
21;5;0;4;19;24;1;15;0;0;24;92
21;6;0;4;19;23;2;24;0;0;32;124
21;7;0;4;22;22;1;21;0;1;31;155
21;8;0;4;23;22;1;15;0;1;25;180
21;9;0;4;24;23;1;15;0;1;25;205
21;10;0;4;22;23;1;6;0;0;15;220
21;11;0;4;20;19;1;3;0;0;12;232
21;12;0;4;23;19;2;3;0;1;12;244
21;13;0;4;19;24;2;27;0;0;35;279
21;14;0;4;19;22;1;12;0;0;21;300
21;15;0;4;23;19;1;3;0;1;13;313
21;16;0;4;19;20;2;24;0;0;32;345
21;17;0;4;19;20;2;9;0;0;17;362
21;18;0;4;23;22;3;21;0;1;29;391
21;19;0;4;22;20;1;18;0;1;28;419
21;20;0;4;23;22;1;0;0;0;9;428
21;21;0;4;20;22;0;0;0;0;10;438
21;22;0;4;19;19;1;3;0;0;12;450
21;23;0;4;20;20;1;15;0;0;24;474
21;24;0;4;19;23;1;27;0;0;36;510
21;25;0;4;23;19;2;3;0;1;12;522
21;26;0;4;20;23;2;6;0;0;14;536
21;27;0;4;24;19;0;0;0;0;10;546
21;28;0;4;23;24;0;12;0;0;22;568
21;29;0;4;24;22;1;9;0;1;19;587
21;30;0;4;24;23;3;9;0;5;21;608
22;1;0;4;24;20;4;12;5;11;24;24
22;2;0;4;23;21;6;3;1;9;15;39
22;3;0;4;24;19;5;3;1;14;21;60
22;4;0;4;20;20;6;12;5;0;11;71
22;5;0;4;23;23;1;27;12;1;25;96
22;6;0;4;24;20;6;9;4;18;27;123
22;7;0;4;21;21;7;3;1;0;5;128
22;8;0;4;21;20;5;12;5;0;12;140
22;9;0;4;20;24;4;15;6;1;16;156
22;10;0;4;24;21;6;3;0;12;19;175
22;11;0;4;24;24;6;21;7;10;28;203
22;12;0;4;20;20;6;24;10;0;18;221
22;13;0;4;23;20;7;24;0;1;28;249
22;14;0;4;21;23;4;9;3;0;12;261
22;15;0;4;24;24;4;15;5;4;20;281
22;16;0;4;20;23;5;9;3;0;11;292
22;17;0;4;24;23;4;6;1;9;20;312
22;18;0;4;21;23;7;3;0;0;6;318
22;19;0;4;20;21;4;3;1;0;8;326
22;20;0;4;21;24;0;18;1;0;27;353
22;21;0;4;21;23;0;18;1;0;27;380
22;22;0;4;20;24;0;12;5;0;17;397
22;23;0;4;19;19;3;3;0;0;10;407
22;24;0;4;20;24;2;21;1;0;28;435
22;25;0;4;24;24;2;21;0;5;34;469
22;26;0;4;23;20;3;24;4;0;27;496
22;27;0;4;19;24;0;18;3;0;25;521
22;28;0;4;20;19;0;0;0;0;10;531
22;29;0;4;21;20;3;24;4;0;27;558
22;30;0;4;19;24;3;18;1;0;24;582
23;1;0;4;20;24;8;30;8;1;25;25
23;2;0;4;20;22;9;18;9;1;11;36
23;3;0;4;21;21;5;6;1;0;10;46
23;4;0;4;19;24;2;3;1;0;10;56
23;5;0;4;22;22;9;3;1;12;15;71
23;6;0;4;21;24;8;30;3;0;29;100
23;7;0;4;19;20;7;12;2;0;13;113
23;8;0;4;19;21;9;3;1;0;3;116
23;9;0;4;21;19;5;3;2;0;6;122
23;10;0;4;21;19;2;3;1;0;10;132
23;11;0;4;19;20;1;12;1;0;20;152
23;12;0;4;24;21;4;6;1;6;17;169
23;13;0;4;24;22;5;21;1;14;39;208
23;14;0;4;22;20;3;12;1;3;21;229
23;15;0;4;20;21;7;3;1;0;5;234
23;16;0;4;22;24;3;24;1;3;33;267
23;17;0;4;22;24;2;24;1;1;32;299
23;18;0;4;22;21;1;9;1;0;17;316
23;19;0;4;19;24;4;9;1;0;14;330
23;20;0;4;20;21;1;3;0;0;12;342
23;21;0;4;22;19;6;0;0;1;5;347
23;22;0;4;24;20;9;12;1;16;28;375
23;23;0;4;24;24;5;21;0;9;35;410
23;24;0;4;21;19;9;3;0;0;4;414
23;25;0;4;20;21;5;6;1;0;10;424
23;26;0;4;21;22;2;9;0;0;17;441
23;27;0;4;20;20;6;24;0;0;28;469
23;28;0;4;19;21;3;0;0;0;7;476
23;29;0;4;19;24;8;6;1;0;7;483
23;30;0;4;21;20;3;21;0;0;28;511
24;1;0;4;23;22;10;12;11;8;9;9
24;2;0;4;19;19;10;3;3;0;0;9
24;3;0;4;20;22;8;15;14;1;4;13
24;4;0;4;23;21;1;3;3;1;10;23
24;5;0;4;21;20;5;12;12;0;5;28
24;6;0;4;23;22;10;18;18;3;3;31
24;7;0;4;20;19;10;3;2;0;1;32
24;8;0;4;20;19;10;3;3;0;0;32
24;9;0;4;22;21;5;3;1;6;13;45
24;10;0;4;20;22;3;18;12;0;13;58
24;11;0;4;22;22;7;18;10;7;18;76
24;12;0;4;19;23;2;12;6;0;14;90
24;13;0;4;21;23;9;15;14;0;2;92
24;14;0;4;20;19;7;3;1;0;5;97
24;15;0;4;22;22;5;12;4;5;18;115
24;16;0;4;23;19;8;3;2;1;4;119
24;17;0;4;23;22;8;12;9;1;6;125
24;18;0;4;19;20;10;18;18;0;0;125
24;19;0;4;23;19;3;0;0;1;8;133
24;20;0;4;22;19;6;0;0;1;5;138
24;21;0;4;19;20;6;12;7;0;9;147
24;22;0;4;22;23;4;27;16;5;22;169
24;23;0;4;23;23;7;15;9;0;9;178
24;24;0;4;22;20;7;24;18;1;10;188
24;25;0;4;22;22;7;6;5;0;4;192
24;26;0;4;19;19;6;0;0;0;4;196
24;27;0;4;22;21;6;0;0;3;7;203
24;28;0;4;21;20;4;24;19;0;11;214
24;29;0;4;23;21;2;3;1;1;11;225
24;30;0;4;22;21;6;9;5;1;9;234
25;1;0;5;30;30;7;15;0;10;28;28
25;2;0;5;30;27;7;3;3;6;9;37
25;3;0;5;28;29;7;6;6;2;5;42
25;4;0;5;29;29;7;9;0;0;12;54
25;5;0;5;29;29;4;12;3;0;15;69
25;6;0;5;28;27;0;12;0;0;22;91
25;7;0;5;27;27;10;0;0;17;17;108
25;8;0;5;27;27;0;3;0;0;13;121
25;9;0;5;27;26;10;9;0;2;11;132
25;10;0;5;26;29;0;0;0;0;10;142
25;11;0;5;30;28;0;3;0;0;13;155
25;12;0;5;30;28;10;3;0;4;7;162
25;13;0;5;28;30;5;9;0;0;14;176
25;14;0;5;29;28;5;3;0;0;8;184
25;15;0;5;29;27;8;0;0;0;2;186
25;16;0;5;28;26;2;9;0;0;17;203
25;17;0;5;28;27;0;0;0;0;10;213
25;18;0;5;29;29;0;0;0;0;10;223
25;19;0;5;27;30;0;18;0;0;28;251
25;20;0;5;26;27;5;6;0;5;16;267
25;21;0;5;30;28;2;0;0;0;8;275
25;22;0;5;26;28;0;0;0;0;10;285
25;23;0;5;30;28;0;0;0;0;10;295
25;24;0;5;30;28;10;0;0;4;4;299
25;25;0;5;29;30;0;15;0;0;25;324
25;26;0;5;30;28;0;0;0;0;10;334
25;27;0;5;30;29;0;0;0;0;10;344
25;28;0;5;30;27;0;12;0;0;22;366
25;29;0;5;30;29;0;0;0;0;10;376
25;30;0;5;27;27;0;0;0;0;10;386
26;1;0;5;27;28;3;18;8;1;18;18
26;2;0;5;27;29;3;0;0;2;9;27
26;3;0;5;29;27;4;12;3;0;15;42
26;4;0;5;27;28;4;12;6;4;16;58
26;5;0;5;27;27;6;9;3;7;17;75
26;6;0;5;29;29;6;6;2;0;8;83
26;7;0;5;29;30;4;21;8;0;19;102
26;8;0;5;29;29;3;0;0;0;7;109
26;9;0;5;25;30;3;0;0;0;7;116
26;10;0;5;30;25;2;0;0;1;9;125
26;11;0;5;27;30;2;12;5;4;19;144
26;12;0;5;29;27;4;9;3;0;12;156
26;13;0;5;30;29;3;0;0;1;8;164
26;14;0;5;30;30;2;0;0;0;8;172
26;15;0;5;28;30;2;24;9;0;23;195
26;16;0;5;25;30;3;15;6;0;16;211
26;17;0;5;29;30;2;15;4;0;19;230
26;18;0;5;27;28;2;3;1;3;13;243
26;19;0;5;28;28;3;0;0;0;7;250
26;20;0;5;30;25;1;15;5;0;19;269
26;21;0;5;28;27;2;0;0;0;8;277
26;22;0;5;30;25;1;0;0;0;9;286
26;23;0;5;29;29;1;0;0;0;9;295
26;24;0;5;28;30;0;18;7;0;21;316
26;25;0;5;30;28;2;0;0;1;9;325
26;26;0;5;27;30;1;9;3;1;16;341
26;27;0;5;29;27;1;6;2;0;13;354
26;28;0;5;27;28;0;0;0;0;10;364
26;29;0;5;28;27;1;0;0;0;9;373
26;30;0;5;28;28;0;0;0;0;10;383
27;1;0;5;29;26;5;9;1;0;13;13
27;2;0;5;25;26;1;9;2;3;19;32
27;3;0;5;26;30;4;6;2;3;13;45
27;4;0;5;30;26;0;12;4;0;18;63
27;5;0;5;26;26;3;18;7;3;21;84
27;6;0;5;25;30;4;15;5;0;16;100
27;7;0;5;25;25;0;30;17;0;23;123
27;8;0;5;25;25;1;0;0;0;9;132
27;9;0;5;29;25;0;30;2;0;38;170
27;10;0;5;29;28;4;0;0;0;6;176
27;11;0;5;29;26;0;6;4;0;12;188
27;12;0;5;26;29;3;0;0;3;10;198
27;13;0;5;29;28;4;3;1;0;8;206
27;14;0;5;28;29;1;0;0;0;9;215
27;15;0;5;25;29;0;0;0;0;10;225
27;16;0;5;29;29;2;0;0;0;8;233
27;17;0;5;25;29;0;0;0;0;10;243
27;18;0;5;30;26;1;6;3;0;12;255
27;19;0;5;29;25;0;0;0;0;10;265
27;20;0;5;25;30;2;9;5;0;12;277
27;21;0;5;26;29;0;12;7;0;15;292
27;22;0;5;29;30;1;0;0;0;9;301
27;23;0;5;28;30;5;21;13;0;13;314
27;24;0;5;29;29;0;0;0;0;10;324
27;25;0;5;28;29;0;6;4;0;12;336
27;26;0;5;29;26;0;3;1;0;12;348
27;27;0;5;26;28;2;0;0;2;10;358
27;28;0;5;25;26;4;0;0;0;6;364
27;29;0;5;26;30;0;12;0;0;22;386
27;30;0;5;25;25;0;0;0;0;10;396
28;1;0;5;26;29;6;0;0;8;12;12
28;2;0;5;29;30;2;12;5;1;16;28
28;3;0;5;30;25;4;21;2;5;30;58
28;4;0;5;26;30;4;18;2;6;28;86
28;5;0;5;30;30;4;12;3;3;18;104
28;6;0;5;30;25;3;0;0;0;7;111
28;7;0;5;30;29;0;30;2;0;38;149
28;8;0;5;30;30;1;9;1;0;17;166
28;9;0;5;30;29;0;6;1;0;15;181
28;10;0;5;27;30;0;12;0;0;22;203
28;11;0;5;25;29;1;6;0;0;15;218
28;12;0;5;25;30;1;18;0;0;27;245
28;13;0;5;27;25;1;15;0;1;25;270
28;14;0;5;25;27;1;3;0;0;12;282
28;15;0;5;30;26;1;6;0;1;16;298
28;16;0;5;30;25;0;6;0;0;16;314
28;17;0;5;30;25;0;0;0;0;10;324
28;18;0;5;26;30;1;3;0;1;13;337
28;19;0;5;26;26;0;9;0;0;19;356
28;20;0;5;29;29;0;0;0;0;10;366
28;21;0;5;25;26;0;6;0;0;16;382
28;22;0;5;25;29;0;12;0;0;22;404
28;23;0;5;25;27;0;15;0;0;25;429
28;24;0;5;25;26;0;0;0;0;10;439
28;25;0;5;26;27;0;0;0;0;10;449
28;26;0;5;25;29;0;6;0;0;16;465
28;27;0;5;27;30;0;18;0;0;28;493
28;28;0;5;26;29;0;0;0;0;10;503
28;29;0;5;29;26;0;3;0;0;13;516
28;30;0;5;26;26;0;0;0;0;10;526
29;1;0;5;28;27;0;15;0;0;25;25
29;2;0;5;26;28;0;6;1;0;15;40
29;3;0;5;25;26;2;12;0;6;26;66
29;4;0;5;25;25;3;21;0;0;28;94
29;5;0;5;25;25;4;12;0;3;21;115
29;6;0;5;26;26;2;18;0;2;28;143
29;7;0;5;28;26;10;12;0;2;14;157
29;8;0;5;26;26;0;9;0;0;19;176
29;9;0;5;28;27;2;0;0;1;9;185
29;10;0;5;25;27;0;12;0;0;22;207
29;11;0;5;28;27;2;0;0;0;8;215
29;12;0;5;27;26;0;12;0;0;22;237
29;13;0;5;26;27;0;12;0;0;22;259
29;14;0;5;27;25;0;15;0;0;25;284
29;15;0;5;27;25;0;24;0;0;34;318
29;16;0;5;27;27;0;6;0;0;16;334
29;17;0;5;27;26;0;6;0;0;16;350
29;18;0;5;25;25;0;0;0;0;10;360
29;19;0;5;30;27;0;0;0;0;10;370
29;20;0;5;28;28;0;0;0;0;10;380
29;21;0;5;27;30;4;18;0;7;31;411
29;22;0;5;28;27;4;3;0;0;9;420
29;23;0;5;26;26;0;3;0;0;13;433
29;24;0;5;27;27;0;0;0;0;10;443
29;25;0;5;27;25;2;0;0;4;12;455
29;26;0;5;28;27;2;0;0;0;8;463
29;27;0;5;25;26;0;3;0;0;13;476
29;28;0;5;28;30;0;0;0;0;10;486
29;29;0;5;25;28;0;0;0;0;10;496
29;30;0;5;30;30;0;21;0;0;31;527
30;1;0;5;25;25;5;21;10;0;16;16
30;2;0;5;28;25;4;21;6;5;26;42
30;3;0;5;27;28;2;12;5;2;17;59
30;4;0;5;28;27;6;0;0;2;6;65
30;5;0;5;28;28;4;12;3;3;18;83
30;6;0;5;27;28;5;9;0;5;19;102
30;7;0;5;26;28;7;0;0;8;11;113
30;8;0;5;28;28;3;3;0;1;11;124
30;9;0;5;26;28;0;0;0;0;10;134
30;10;0;5;28;26;4;6;1;0;11;145
30;11;0;5;26;25;4;0;0;5;11;156
30;12;0;5;28;25;6;30;4;0;30;186
30;13;0;5;25;26;3;9;1;0;15;201
30;14;0;5;26;26;0;6;0;0;16;217
30;15;0;5;26;28;8;3;1;9;13;230
30;16;0;5;26;28;5;0;0;6;11;241
30;17;0;5;26;28;5;0;0;4;9;250
30;18;0;5;28;27;1;3;0;0;12;262
30;19;0;5;25;29;6;0;0;0;4;266
30;20;0;5;27;26;3;3;0;5;15;281
30;21;0;5;29;25;6;6;0;0;10;291
30;22;0;5;27;26;0;3;0;0;13;304
30;23;0;5;27;25;7;0;0;13;16;320
30;24;0;5;26;25;6;30;4;7;37;357
30;25;0;5;25;26;5;6;1;0;10;367
30;26;0;5;26;25;3;0;0;3;10;377
30;27;0;5;28;25;6;0;0;0;4;381
30;28;0;5;29;25;0;0;0;0;10;391
30;29;0;5;27;25;4;0;0;0;6;397
30;30;0;5;29;29;7;0;0;0;3;400
31;1;0;6;35;35;5;12;6;5;16;16
31;2;0;6;35;34;5;0;0;3;8;24
31;3;0;6;35;36;4;21;10;2;19;43
31;4;0;6;35;32;3;0;0;0;7;50
31;5;0;6;36;36;3;27;13;8;29;79
31;6;0;6;35;36;4;15;7;2;16;95
31;7;0;6;33;33;5;30;15;0;20;115
31;8;0;6;36;33;3;21;9;6;25;140
31;9;0;6;35;36;6;21;9;7;23;163
31;10;0;6;35;33;6;18;8;7;21;184
31;11;0;6;34;35;7;15;6;0;12;196
31;12;0;6;35;35;6;15;6;6;19;215
31;13;0;6;35;34;5;0;0;5;10;225
31;14;0;6;34;36;5;21;9;0;17;242
31;15;0;6;34;33;6;21;9;0;16;258
31;16;0;6;35;35;5;18;8;6;21;279
31;17;0;6;33;34;6;0;0;6;10;289
31;18;0;6;33;33;4;30;15;0;21;310
31;19;0;6;34;35;5;18;7;0;16;326
31;20;0;6;34;36;6;18;7;0;15;341
31;21;0;6;35;32;3;9;3;3;16;357
31;22;0;6;32;34;4;30;14;2;24;381
31;23;0;6;35;34;7;30;14;7;26;407
31;24;0;6;33;36;7;18;7;9;23;430
31;25;0;6;33;34;7;30;14;9;28;458
31;26;0;6;35;35;7;18;7;2;16;474
31;27;0;6;35;35;8;18;7;4;17;491
31;28;0;6;33;34;5;30;14;2;23;514
31;29;0;6;32;36;6;15;5;1;15;529
31;30;0;6;35;33;3;27;2;0;32;561
32;1;0;6;34;34;2;0;0;0;8;8
32;2;0;6;33;36;1;15;5;0;19;27
32;3;0;6;33;34;3;9;4;2;14;41
32;4;0;6;31;35;0;9;3;0;16;57
32;5;0;6;33;33;5;21;21;4;9;66
32;6;0;6;36;34;3;9;2;3;17;83
32;7;0;6;36;36;3;18;6;7;26;109
32;8;0;6;35;36;2;18;5;2;23;132
32;9;0;6;34;33;10;18;6;0;12;144
32;10;0;6;36;35;0;15;0;0;25;169
32;11;0;6;35;34;2;9;3;2;16;185
32;12;0;6;36;34;1;9;3;2;17;202
32;13;0;6;33;33;2;30;10;0;28;230
32;14;0;6;33;34;2;9;3;0;14;244
32;15;0;6;36;35;0;15;3;0;22;266
32;16;0;6;34;36;0;12;4;0;18;284
32;17;0;6;34;36;0;15;3;0;22;306
32;18;0;6;35;35;1;18;5;0;22;328
32;19;0;6;36;33;0;21;2;0;29;357
32;20;0;6;35;34;0;30;0;0;40;397
32;21;0;6;31;33;3;21;1;3;30;427
32;22;0;6;36;31;2;12;2;3;21;448
32;23;0;6;34;36;0;12;3;0;19;467
32;24;0;6;34;35;2;18;1;0;25;492
32;25;0;6;36;36;0;21;0;0;31;523
32;26;0;6;36;36;0;15;0;0;25;548
32;27;0;6;33;33;0;24;4;0;30;578
32;28;0;6;35;36;0;18;8;0;20;598
32;29;0;6;34;31;0;18;1;0;27;625
32;30;0;6;36;35;0;15;0;0;25;650
33;1;0;6;36;36;10;18;6;10;22;22
33;2;0;6;34;32;10;3;0;0;3;25
33;3;0;6;36;32;10;9;2;15;22;47
33;4;0;6;34;36;10;12;2;0;10;57
33;5;0;6;32;32;7;15;4;21;35;92
33;6;0;6;34;35;8;15;2;0;15;107
33;7;0;6;31;31;10;15;0;15;30;137
33;8;0;6;31;34;7;9;0;9;21;158
33;9;0;6;32;35;6;15;3;6;22;180
33;10;0;6;31;34;6;0;0;8;12;192
33;11;0;6;36;36;6;18;3;14;33;225
33;12;0;6;34;36;10;15;2;0;13;238
33;13;0;6;32;32;10;6;0;10;16;254
33;14;0;6;35;32;7;6;0;8;17;271
33;15;0;6;31;36;7;15;3;9;24;295
33;16;0;6;36;34;7;30;10;15;38;333
33;17;0;6;35;31;7;18;6;8;23;356
33;18;0;6;31;31;10;12;0;15;27;383
33;19;0;6;32;34;7;30;13;2;22;405
33;20;0;6;36;35;10;18;7;17;28;433
33;21;0;6;32;34;7;30;13;1;21;454
33;22;0;6;34;35;10;18;5;0;13;467
33;23;0;6;36;35;10;18;5;25;38;505
33;24;0;6;35;31;10;21;9;5;17;522
33;25;0;6;35;31;10;21;9;9;21;543
33;26;0;6;34;34;10;30;12;0;18;561
33;27;0;6;32;32;8;0;0;4;6;567
33;28;0;6;36;31;8;15;2;12;27;594
33;29;0;6;35;35;8;18;2;0;18;612
33;30;0;6;31;34;9;30;0;2;33;645
34;1;0;6;32;32;0;6;0;0;16;16
34;2;0;6;31;33;0;30;0;0;40;56
34;3;0;6;32;35;3;15;0;4;26;82
34;4;0;6;36;33;3;30;0;9;46;128
34;5;0;6;35;35;3;12;0;1;20;148
34;6;0;6;32;33;3;24;0;2;33;181
34;7;0;6;35;35;3;15;0;0;22;203
34;8;0;6;33;35;3;15;0;0;22;225
34;9;0;6;36;32;0;30;0;0;40;265
34;10;0;6;33;36;0;30;0;0;40;305
34;11;0;6;32;31;3;21;0;3;31;336
34;12;0;6;32;33;3;30;0;3;40;376
34;13;0;6;31;36;0;24;0;0;34;410
34;14;0;6;32;31;3;15;0;3;25;435
34;15;0;6;35;31;5;18;0;4;27;462
34;16;0;6;33;32;10;0;0;10;10;472
34;17;0;6;31;32;0;0;0;0;10;482
34;18;0;6;36;36;0;18;0;0;28;510
34;19;0;6;33;31;10;15;0;13;28;538
34;20;0;6;32;31;10;18;0;0;18;556
34;21;0;6;33;36;10;15;0;13;28;584
34;22;0;6;31;33;10;30;0;14;44;628
34;23;0;6;31;32;10;0;0;14;14;642
34;24;0;6;36;32;10;6;0;15;21;663
34;25;0;6;31;35;10;18;0;14;32;695
34;26;0;6;33;33;10;30;0;12;42;737
34;27;0;6;36;36;10;18;0;15;33;770
34;28;0;6;31;35;10;18;0;14;32;802
34;29;0;6;36;32;10;0;0;18;18;820
34;30;0;6;33;36;10;18;0;0;18;838
35;1;0;6;31;31;4;15;5;6;22;22
35;2;0;6;36;31;4;15;3;8;26;48
35;3;0;6;34;31;5;12;2;0;15;63
35;4;0;6;32;31;3;9;0;3;19;82
35;5;0;6;34;34;4;9;1;0;14;96
35;6;0;6;33;31;5;12;2;2;17;113
35;7;0;6;34;34;5;9;0;0;14;127
35;8;0;6;34;32;5;6;2;0;9;136
35;9;0;6;33;31;5;18;7;3;19;155
35;10;0;6;32;31;5;18;7;0;16;171
35;11;0;6;31;32;5;6;2;6;15;186
35;12;0;6;31;31;5;18;6;6;23;209
35;13;0;6;36;31;5;15;5;10;25;234
35;14;0;6;36;33;5;21;8;8;26;260
35;15;0;6;32;34;5;15;4;3;19;279
35;16;0;6;31;31;6;15;6;8;21;300
35;17;0;6;36;33;6;21;8;9;26;326
35;18;0;6;32;32;6;3;0;5;12;338
35;19;0;6;31;36;6;9;2;7;18;356
35;20;0;6;33;32;6;0;0;7;11;367
35;21;0;6;36;31;6;9;3;9;19;386
35;22;0;6;33;36;6;15;6;5;18;404
35;23;0;6;33;31;6;21;7;5;23;427
35;24;0;6;32;33;6;30;5;1;30;457
35;25;0;6;34;33;6;30;9;0;25;482
35;26;0;6;31;31;6;21;2;7;30;512
35;27;0;6;31;31;6;24;4;7;31;543
35;28;0;6;34;32;6;0;0;0;4;547
35;29;0;6;33;33;6;24;0;2;30;577
35;30;0;6;32;31;5;9;0;0;14;591
36;1;0;6;33;33;6;30;10;6;30;30
36;2;0;6;32;35;5;12;8;5;14;44
36;3;0;6;31;33;7;30;15;10;28;72
36;4;0;6;33;34;4;9;9;2;8;80
36;5;0;6;31;31;9;9;8;13;15;95
36;6;0;6;31;32;5;9;3;7;18;113
36;7;0;6;32;32;6;9;7;6;12;125
36;8;0;6;32;31;6;9;6;5;12;137
36;9;0;6;31;34;7;0;0;9;12;149
36;10;0;6;34;32;10;0;0;0;0;149
36;11;0;6;33;33;6;18;14;3;11;160
36;12;0;6;33;32;5;3;2;2;8;168
36;13;0;6;34;35;8;15;10;0;7;175
36;14;0;6;31;35;7;15;8;9;19;194
36;15;0;6;33;32;5;0;0;3;8;202
36;16;0;6;32;33;4;21;15;4;16;218
36;17;0;6;32;35;5;18;9;3;17;235
36;18;0;6;34;34;6;0;0;0;4;239
36;19;0;6;35;32;3;0;0;2;9;248
36;20;0;6;31;33;6;30;17;7;24;272
36;21;0;6;34;35;5;18;9;0;14;286
36;22;0;6;35;32;5;6;3;6;14;300
36;23;0;6;32;33;4;30;25;3;14;314
36;24;0;6;31;34;6;30;15;7;26;340
36;25;0;6;32;32;7;0;0;0;3;343
36;26;0;6;32;32;5;0;0;0;5;348
36;27;0;6;34;34;6;30;15;0;19;367
36;28;0;6;32;33;6;24;12;8;24;391
36;29;0;6;31;34;5;30;18;5;22;413
36;30;0;6;34;32;6;0;0;0;4;417
1;1;1;1;6;4;4;30;15;6;27;27
1;2;1;1;3;2;10;3;1;7;9;36
1;3;1;1;2;4;10;15;5;3;13;49
1;4;1;1;3;4;10;15;5;8;18;67
1;5;1;1;3;2;5;6;2;5;14;81
1;6;1;1;5;3;7;18;4;2;19;100
1;7;1;1;3;6;4;30;10;2;28;128
1;8;1;1;5;5;4;3;1;2;10;138
1;9;1;1;4;5;5;6;1;0;10;148
1;10;1;1;4;5;3;15;5;0;17;165
1;11;1;1;2;5;4;15;5;0;16;181
1;12;1;1;3;6;3;30;10;0;27;208
1;13;1;1;2;6;4;30;10;2;28;236
1;14;1;1;5;5;4;15;5;1;17;253
1;15;1;1;3;5;5;9;1;1;14;267
1;16;1;1;6;5;5;12;3;5;19;286
1;17;1;1;2;5;7;0;0;3;6;292
1;18;1;1;2;4;5;15;5;2;17;309
1;19;1;1;3;4;1;15;5;0;19;328
1;20;1;1;5;6;8;30;10;1;23;351
1;21;1;1;2;5;5;3;0;1;9;360
1;22;1;1;5;4;0;15;5;0;20;380
1;23;1;1;5;5;1;0;0;0;9;389
1;24;1;1;6;5;3;0;0;3;10;399
1;25;1;1;2;4;5;6;0;2;13;412
1;26;1;1;5;3;1;15;5;0;19;431
1;27;1;1;2;2;1;3;0;1;13;444
1;28;1;1;5;2;3;9;3;0;13;457
1;29;1;1;4;6;5;30;4;0;31;488
1;30;1;1;2;2;2;3;0;1;12;500
2;1;1;1;4;6;3;24;2;0;29;29
2;2;1;1;1;5;1;21;1;1;30;59
2;3;1;1;4;1;0;30;3;0;37;96
2;4;1;1;4;6;2;30;10;0;28;124
2;5;1;1;1;6;2;30;9;2;31;155
2;6;1;1;3;5;2;0;0;1;9;164
2;7;1;1;4;4;9;3;2;0;2;166
2;8;1;1;3;3;5;18;0;3;26;192
2;9;1;1;5;6;2;27;2;2;35;227
2;10;1;1;5;3;10;9;0;5;14;241
2;11;1;1;6;1;5;12;0;6;23;264
2;12;1;1;6;3;1;6;0;1;16;280
2;13;1;1;4;1;0;12;2;0;20;300
2;14;1;1;3;6;10;15;2;2;15;315
2;15;1;1;6;3;10;6;6;12;12;327
2;16;1;1;3;4;5;0;0;2;7;334
2;17;1;1;3;1;7;21;3;4;25;359
2;18;1;1;3;1;9;15;2;3;17;376
2;19;1;1;6;5;9;0;0;10;11;387
2;20;1;1;3;4;0;0;0;0;10;397
2;21;1;1;4;1;1;15;1;0;23;420
2;22;1;1;3;6;9;9;1;4;13;433
2;23;1;1;6;4;1;0;0;1;10;443
2;24;1;1;3;4;5;9;0;2;16;459
2;25;1;1;3;1;6;15;2;2;19;478
2;26;1;1;3;4;3;0;0;1;8;486
2;27;1;1;1;1;1;3;1;0;11;497
2;28;1;1;1;4;3;0;0;3;10;507
2;29;1;1;6;4;2;0;0;2;10;517
2;30;1;1;1;1;1;6;1;0;14;531
3;1;1;1;5;5;7;9;2;8;18;18
3;2;1;1;6;1;6;30;7;8;35;53
3;3;1;1;6;5;8;3;1;10;14;67
3;4;1;1;5;1;5;30;8;4;31;98
3;5;1;1;4;1;5;15;5;0;15;113
3;6;1;1;1;2;6;6;1;4;13;126
3;7;1;1;5;1;6;12;2;3;17;143
3;8;1;1;2;2;6;15;3;0;16;159
3;9;1;1;6;4;7;15;2;8;24;183
3;10;1;1;2;6;3;30;4;0;33;216
3;11;1;1;4;6;3;15;2;0;20;236
3;12;1;1;2;1;2;9;0;0;17;253
3;13;1;1;6;5;7;3;0;8;14;267
3;14;1;1;4;2;4;30;2;0;34;301
3;15;1;1;2;1;2;15;1;6;28;329
3;16;1;1;5;2;6;15;2;10;27;356
3;17;1;1;5;2;7;21;4;3;23;379
3;18;1;1;6;2;7;27;3;8;35;414
3;19;1;1;5;1;8;3;0;2;7;421
3;20;1;1;4;2;2;0;0;0;8;429
3;21;1;1;6;6;6;12;1;7;22;451
3;22;1;1;6;2;7;27;4;8;34;485
3;23;1;1;4;6;2;12;1;0;19;504
3;24;1;1;5;2;6;15;2;1;18;522
3;25;1;1;6;2;7;18;2;8;27;549
3;26;1;1;1;2;5;9;1;5;18;567
3;27;1;1;4;5;2;0;0;0;8;575
3;28;1;1;6;6;8;6;0;8;16;591
3;29;1;1;5;5;6;0;0;4;8;599
3;30;1;1;4;6;3;3;0;0;10;609
4;1;1;1;1;2;10;9;0;15;24;24
4;2;1;1;5;6;2;24;0;1;33;57
4;3;1;1;1;2;5;0;0;5;10;67
4;4;1;1;1;2;5;6;0;5;16;83
4;5;1;1;5;3;3;15;0;3;25;108
4;6;1;1;6;6;4;9;0;4;19;127
4;7;1;1;2;2;1;27;0;2;38;165
4;8;1;1;6;6;2;0;0;2;10;175
4;9;1;1;3;1;5;15;0;2;22;197
4;10;1;1;6;1;5;9;0;6;20;217
4;11;1;1;5;3;5;9;0;5;19;236
4;12;1;1;5;5;0;18;0;0;28;264
4;13;1;1;5;2;0;0;0;0;10;274
4;14;1;1;6;3;0;12;0;0;22;296
4;15;1;1;5;6;0;0;0;0;10;306
4;16;1;1;2;6;0;0;0;0;10;316
4;17;1;1;6;6;0;0;0;0;10;326
4;18;1;1;1;5;5;0;0;5;10;336
4;19;1;1;1;6;5;3;0;5;13;349
4;20;1;1;2;3;0;6;0;0;16;365
4;21;1;1;5;2;3;3;0;1;11;376
4;22;1;1;1;5;5;0;0;5;10;386
4;23;1;1;2;3;0;6;0;0;16;402
4;24;1;1;2;6;3;0;0;0;7;409
4;25;1;1;1;5;2;0;0;0;8;417
4;26;1;1;2;6;0;0;0;0;10;427
4;27;1;1;6;3;0;6;0;0;16;443
4;28;1;1;2;5;0;0;0;0;10;453
4;29;1;1;2;1;0;15;0;0;25;478
4;30;1;1;5;3;0;9;0;0;19;497
5;1;1;1;3;3;3;21;8;2;22;22
5;2;1;1;2;4;7;6;1;1;9;31
5;3;1;1;3;6;1;24;5;1;29;60
5;4;1;1;6;3;1;15;4;0;20;80
5;5;1;1;6;4;3;9;3;3;16;96
5;6;1;1;2;1;0;21;2;0;29;125
5;7;1;1;6;3;2;18;3;2;25;150
5;8;1;1;1;1;1;12;2;1;20;170
5;9;1;1;1;2;2;6;2;1;13;183
5;10;1;1;1;2;5;30;5;5;35;218
5;11;1;1;1;4;5;15;5;5;20;238
5;12;1;1;4;4;6;0;0;0;4;242
5;13;1;1;3;4;1;0;0;0;9;251
5;14;1;1;1;1;5;12;1;5;21;272
5;15;1;1;1;4;3;0;0;1;8;280
5;16;1;1;1;3;4;18;10;3;17;297
5;17;1;1;1;3;0;21;3;0;28;325
5;18;1;1;4;6;0;18;1;0;27;352
5;19;1;1;2;3;0;24;2;0;32;384
5;20;1;1;6;1;6;24;1;7;34;418
5;21;1;1;1;4;1;9;1;0;17;435
5;22;1;1;4;1;0;0;0;0;10;445
5;23;1;1;1;1;0;3;0;0;13;458
5;24;1;1;1;3;0;18;1;0;27;485
5;25;1;1;4;6;0;6;0;0;16;501
5;26;1;1;6;1;5;3;0;6;14;515
5;27;1;1;3;6;0;6;0;0;16;531
5;28;1;1;4;1;0;9;0;0;19;550
5;29;1;1;3;3;0;18;4;0;24;574
5;30;1;1;6;4;5;0;0;0;5;579
6;1;1;1;2;1;8;12;6;2;10;10
6;2;1;1;4;3;8;18;8;0;12;22
6;3;1;1;5;3;8;24;10;5;21;43
6;4;1;1;2;5;10;3;0;10;13;56
6;5;1;1;2;5;10;9;3;9;15;71
6;6;1;1;4;4;3;12;4;0;15;86
6;7;1;1;1;5;10;6;2;10;14;100
6;8;1;1;4;4;0;6;2;0;14;114
6;9;1;1;2;3;9;21;8;2;16;130
6;10;1;1;3;4;10;15;6;4;13;143
6;11;1;1;3;2;5;15;6;2;16;159
6;12;1;1;1;2;10;3;1;10;12;171
6;13;1;1;1;3;10;21;8;10;23;194
6;14;1;1;2;4;5;0;0;2;7;201
6;15;1;1;4;2;0;30;12;0;28;229
6;16;1;1;4;1;0;15;5;0;20;249
6;17;1;1;4;4;0;0;0;0;10;259
6;18;1;1;5;3;6;21;8;1;18;277
6;19;1;1;4;2;1;27;10;0;26;303
6;20;1;1;1;5;10;18;7;10;21;324
6;21;1;1;3;3;4;18;7;1;18;342
6;22;1;1;2;3;3;21;8;1;21;363
6;23;1;1;3;2;4;3;1;1;9;372
6;24;1;1;4;1;0;9;3;0;16;388
6;25;1;1;5;3;2;21;8;0;21;409
6;26;1;1;4;5;0;15;6;0;19;428
6;27;1;1;5;4;2;0;0;0;8;436
6;28;1;1;3;3;2;24;8;0;24;460
6;29;1;1;1;2;10;6;2;4;8;468
6;30;1;1;3;5;1;15;0;0;24;492
7;1;1;2;10;12;4;6;3;5;14;14
7;2;1;2;11;10;5;15;8;5;17;31
7;3;1;2;9;11;5;15;7;1;14;45
7;4;1;2;8;11;5;18;9;8;22;67
7;5;1;2;9;8;1;6;2;2;15;82
7;6;1;2;12;10;6;18;9;3;16;98
7;7;1;2;8;10;6;12;5;8;19;117
7;8;1;2;9;11;3;18;8;1;18;135
7;9;1;2;12;9;4;24;12;1;19;154
7;10;1;2;11;10;7;9;4;6;14;168
7;11;1;2;11;8;5;6;2;4;13;181
7;12;1;2;11;8;4;9;4;3;14;195
7;13;1;2;12;11;3;30;15;0;22;217
7;14;1;2;8;9;6;18;10;0;12;229
7;15;1;2;12;11;0;30;15;0;25;254
7;16;1;2;11;10;5;12;6;4;15;269
7;17;1;2;10;9;7;24;12;0;15;284
7;18;1;2;11;10;6;15;8;5;16;300
7;19;1;2;9;9;4;15;8;0;13;313
7;20;1;2;8;9;6;18;9;6;19;332
7;21;1;2;12;9;3;18;9;0;16;348
7;22;1;2;9;11;1;30;15;0;24;372
7;23;1;2;11;10;6;15;8;5;16;388
7;24;1;2;11;12;6;6;2;5;13;401
7;25;1;2;11;10;7;15;8;6;16;417
7;26;1;2;11;10;5;21;11;4;19;436
7;27;1;2;10;11;3;30;15;0;22;458
7;28;1;2;9;11;0;27;14;0;23;481
7;29;1;2;8;10;5;24;12;0;17;498
7;30;1;2;10;10;0;21;10;0;21;519
8;1;1;2;12;10;5;12;6;5;16;16
8;2;1;2;12;9;4;24;14;4;20;36
8;3;1;2;10;12;3;6;3;2;12;48
8;4;1;2;9;7;3;15;8;1;15;63
8;5;1;2;7;11;2;15;8;2;17;80
8;6;1;2;10;11;1;15;5;1;20;100
8;7;1;2;11;7;3;18;8;2;19;119
8;8;1;2;10;9;3;18;6;1;20;139
8;9;1;2;10;11;1;15;8;1;17;156
8;10;1;2;12;9;6;12;5;0;11;167
8;11;1;2;7;10;2;12;4;2;18;185
8;12;1;2;7;11;3;18;3;4;26;211
8;13;1;2;10;9;2;21;9;0;20;231
8;14;1;2;9;7;2;18;0;1;27;258
8;15;1;2;10;12;0;6;3;0;13;271
8;16;1;2;10;11;2;30;13;1;26;297
8;17;1;2;12;11;0;30;15;0;25;322
8;18;1;2;9;12;1;9;0;0;18;340
8;19;1;2;10;11;2;30;15;0;23;363
8;20;1;2;11;7;2;18;6;1;21;384
8;21;1;2;11;10;2;9;0;1;18;402
8;22;1;2;11;10;0;3;1;0;12;414
8;23;1;2;9;9;0;18;9;0;19;433
8;24;1;2;9;11;1;30;16;0;23;456
8;25;1;2;12;12;0;6;1;0;15;471
8;26;1;2;9;12;2;0;0;0;8;479
8;27;1;2;12;10;0;6;3;0;13;492
8;28;1;2;10;12;4;0;0;0;6;498
8;29;1;2;12;7;0;15;0;0;25;523
8;30;1;2;11;11;0;0;0;0;10;533
9;1;1;2;11;11;5;6;1;5;15;15
9;2;1;2;8;11;8;15;0;14;31;46
9;3;1;2;11;7;6;15;1;6;24;70
9;4;1;2;10;8;5;9;1;5;18;88
9;5;1;2;12;7;7;3;2;3;7;95
9;6;1;2;11;12;7;6;1;6;14;109
9;7;1;2;10;12;9;9;0;7;17;126
9;8;1;2;8;7;6;9;1;6;18;144
9;9;1;2;7;10;8;15;0;12;29;173
9;10;1;2;8;12;4;3;0;5;14;187
9;11;1;2;12;11;3;6;1;0;12;199
9;12;1;2;10;12;4;3;0;0;9;208
9;13;1;2;8;12;7;9;0;9;21;229
9;14;1;2;7;8;6;6;1;10;19;248
9;15;1;2;11;10;6;0;0;5;9;257
9;16;1;2;12;12;4;0;0;0;6;263
9;17;1;2;7;12;8;0;0;12;14;277
9;18;1;2;12;8;5;3;0;1;9;286
9;19;1;2;7;7;5;12;0;8;25;311
9;20;1;2;7;10;6;9;0;9;22;333
9;21;1;2;7;12;6;9;0;9;22;355
9;22;1;2;12;7;7;3;0;0;6;361
9;23;1;2;8;8;6;0;0;9;13;374
9;24;1;2;10;8;3;3;0;0;10;384
9;25;1;2;10;11;4;6;0;0;12;396
9;26;1;2;10;8;7;6;0;0;9;405
9;27;1;2;11;12;0;6;0;0;16;421
9;28;1;2;12;7;2;0;0;0;8;429
9;29;1;2;11;11;4;0;0;3;9;438
9;30;1;2;12;12;0;3;0;0;13;451
10;1;1;2;8;7;4;12;5;6;19;19
10;2;1;2;7;12;5;6;1;8;18;37
10;3;1;2;12;8;3;9;2;2;16;53
10;4;1;2;12;9;4;15;5;3;19;72
10;5;1;2;11;12;3;6;1;2;14;86
10;6;1;2;7;8;6;3;1;9;15;101
10;7;1;2;7;9;4;27;7;5;31;132
10;8;1;2;12;8;4;9;1;0;14;146
10;9;1;2;9;8;5;3;1;0;7;153
10;10;1;2;7;11;3;15;1;4;25;178
10;11;1;2;8;12;4;6;0;4;16;194
10;12;1;2;12;9;1;12;0;0;21;215
10;13;1;2;11;8;3;6;0;2;15;230
10;14;1;2;12;11;2;6;0;0;14;244
10;15;1;2;9;8;0;0;0;0;10;254
10;16;1;2;7;8;4;6;1;6;17;271
10;17;1;2;11;7;4;21;0;3;30;301
10;18;1;2;7;11;5;30;0;8;43;344
10;19;1;2;12;8;4;6;0;0;12;356
10;20;1;2;9;12;3;9;0;0;16;372
10;21;1;2;8;11;3;0;0;0;7;379
10;22;1;2;8;12;1;6;0;1;16;395
10;23;1;2;7;12;5;6;0;8;19;414
10;24;1;2;12;9;3;9;0;0;16;430
10;25;1;2;7;9;5;12;0;8;25;455
10;26;1;2;7;9;7;21;0;11;35;490
10;27;1;2;8;7;2;9;0;3;20;510
10;28;1;2;11;8;6;12;0;4;20;530
10;29;1;2;7;12;8;6;0;12;20;550
10;30;1;2;7;7;7;0;0;10;13;563
11;1;1;2;9;9;2;15;5;1;19;19
11;2;1;2;9;7;5;15;5;0;15;34
11;3;1;2;7;9;5;18;6;7;24;58
11;4;1;2;7;12;6;6;1;9;18;76
11;5;1;2;8;10;5;9;2;8;20;96
11;6;1;2;8;9;5;21;6;5;25;121
11;7;1;2;12;8;5;9;2;3;15;136
11;8;1;2;7;12;6;6;1;8;17;153
11;9;1;2;8;12;5;3;0;8;16;169
11;10;1;2;10;7;5;21;6;1;21;190
11;11;1;2;9;7;2;15;4;1;20;210
11;12;1;2;8;7;6;12;3;3;16;226
11;13;1;2;7;10;10;9;2;15;22;248
11;14;1;2;10;12;2;6;1;0;13;261
11;15;1;2;7;9;10;18;5;15;28;289
11;16;1;2;8;7;10;15;4;13;24;313
11;17;1;2;8;10;10;12;3;15;24;337
11;18;1;2;10;7;10;18;5;0;13;350
11;19;1;2;8;12;10;9;2;15;22;372
11;20;1;2;12;8;7;6;1;2;10;382
11;21;1;2;10;8;0;6;1;0;15;397
11;22;1;2;7;8;10;0;0;15;15;412
11;23;1;2;12;7;5;18;5;0;18;430
11;24;1;2;8;7;10;18;5;16;29;459
11;25;1;2;9;7;2;21;6;0;23;482
11;26;1;2;12;7;0;15;4;0;21;503
11;27;1;2;7;9;10;0;0;15;15;518
11;28;1;2;7;10;9;18;4;14;29;547
11;29;1;2;9;9;0;12;3;0;19;566
11;30;1;2;8;8;0;0;0;0;10;576
12;1;1;2;7;8;2;15;5;3;21;21
12;2;1;2;10;8;2;12;4;1;17;38
12;3;1;2;8;10;2;9;2;3;18;56
12;4;1;2;11;10;2;12;3;1;18;74
12;5;1;2;10;9;2;21;3;1;27;101
12;6;1;2;9;7;2;18;3;1;24;125
12;7;1;2;9;11;3;15;3;0;19;144
12;8;1;2;11;10;2;12;0;1;21;165
12;9;1;2;11;7;1;12;1;0;20;185
12;10;1;2;9;8;1;18;0;0;27;212
12;11;1;2;10;9;2;9;0;0;17;229
12;12;1;2;9;10;1;3;0;0;12;241
12;13;1;2;9;7;3;9;0;0;16;257
12;14;1;2;11;10;2;6;0;1;15;272
12;15;1;2;8;7;2;0;0;3;11;283
12;16;1;2;9;9;0;12;0;0;22;305
12;17;1;2;9;8;0;0;0;0;10;315
12;18;1;2;8;9;3;15;1;0;21;336
12;19;1;2;11;10;3;12;0;2;21;357
12;20;1;2;10;11;3;21;2;0;26;383
12;21;1;2;9;7;3;9;0;0;16;399
12;22;1;2;10;9;2;21;0;0;29;428
12;23;1;2;10;11;2;15;0;0;23;451
12;24;1;2;7;10;2;9;0;2;19;470
12;25;1;2;8;8;2;0;0;1;9;479
12;26;1;2;8;11;0;0;0;0;10;489
12;27;1;2;9;8;2;0;0;0;8;497
12;28;1;2;8;9;0;6;0;0;16;513
12;29;1;2;10;8;2;0;0;0;8;521
12;30;1;2;9;9;1;0;0;0;9;530
13;1;1;3;17;17;4;15;6;4;19;19
13;2;1;3;18;17;5;15;7;7;20;39
13;3;1;3;17;14;5;9;5;7;16;55
13;4;1;3;17;18;5;12;4;6;19;74
13;5;1;3;17;18;5;9;2;6;18;92
13;6;1;3;16;14;5;12;3;2;16;108
13;7;1;3;18;18;4;12;5;5;18;126
13;8;1;3;17;14;6;15;5;6;20;146
13;9;1;3;18;17;6;21;4;8;29;175
13;10;1;3;16;16;6;18;3;1;20;195
13;11;1;3;15;14;5;12;2;1;16;211
13;12;1;3;15;14;4;12;1;4;21;232
13;13;1;3;17;16;6;15;2;6;23;255
13;14;1;3;18;14;5;21;3;7;30;285
13;15;1;3;17;17;5;18;2;5;26;311
13;16;1;3;16;14;5;6;1;4;14;325
13;17;1;3;16;16;4;21;2;3;28;353
13;18;1;3;14;18;5;15;3;4;21;374
13;19;1;3;17;17;5;15;2;5;23;397
13;20;1;3;18;15;5;18;3;7;27;424
13;21;1;3;16;17;6;21;4;3;24;448
13;22;1;3;16;17;5;9;1;1;14;462
13;23;1;3;14;18;4;9;1;2;16;478
13;24;1;3;15;15;5;12;2;3;18;496
13;25;1;3;15;14;6;9;1;4;16;512
13;26;1;3;17;15;5;15;4;5;21;533
13;27;1;3;14;16;5;12;2;4;19;552
13;28;1;3;18;15;6;12;3;7;20;572
13;29;1;3;17;15;5;15;3;0;17;589
13;30;1;3;16;15;4;3;0;2;11;600
14;1;1;3;18;15;2;6;2;3;15;15
14;2;1;3;16;15;1;9;1;0;17;32
14;3;1;3;13;16;3;9;2;5;19;51
14;4;1;3;15;16;4;15;2;3;22;73
14;5;1;3;15;16;5;12;2;2;17;90
14;6;1;3;13;17;4;18;5;3;22;112
14;7;1;3;15;17;5;21;7;2;21;133
14;8;1;3;13;16;5;18;4;5;24;157
14;9;1;3;17;18;3;12;4;2;17;174
14;10;1;3;18;17;7;21;5;10;29;203
14;11;1;3;13;18;4;12;5;2;15;218
14;12;1;3;13;16;4;15;5;1;17;235
14;13;1;3;18;15;10;15;4;14;25;260
14;14;1;3;13;15;7;6;1;3;11;271
14;15;1;3;15;15;6;12;5;3;14;285
14;16;1;3;13;15;2;15;2;1;22;307
14;17;1;3;17;17;4;24;10;2;22;329
14;18;1;3;18;13;7;15;4;10;24;353
14;19;1;3;15;15;4;15;7;3;17;370
14;20;1;3;16;16;3;15;2;2;22;392
14;21;1;3;18;18;7;21;7;10;27;419
14;22;1;3;17;18;2;21;1;0;28;447
14;23;1;3;16;13;3;12;2;1;18;465
14;24;1;3;16;18;4;0;0;1;7;472
14;25;1;3;13;15;3;12;4;1;16;488
14;26;1;3;18;17;7;30;10;10;33;521
14;27;1;3;17;13;2;15;4;0;19;540
14;28;1;3;17;16;4;15;5;4;20;560
14;29;1;3;18;16;7;12;2;8;21;581
14;30;1;3;17;18;5;12;3;0;14;595
15;1;1;3;14;16;2;12;3;2;19;19
15;2;1;3;14;16;3;6;2;1;12;31
15;3;1;3;18;17;4;15;4;5;22;53
15;4;1;3;16;14;3;12;3;1;17;70
15;5;1;3;18;14;6;15;2;8;25;95
15;6;1;3;18;18;5;12;1;6;22;117
15;7;1;3;16;14;1;15;2;0;22;139
15;8;1;3;18;18;5;3;3;7;12;151
15;9;1;3;16;16;4;18;3;2;23;174
15;10;1;3;17;18;8;15;4;8;21;195
15;11;1;3;18;13;2;15;1;3;25;220
15;12;1;3;17;13;4;12;4;1;15;235
15;13;1;3;14;17;5;18;1;4;26;261
15;14;1;3;14;18;2;6;5;1;10;271
15;15;1;3;14;14;4;18;3;5;26;297
15;16;1;3;14;17;5;15;3;2;19;316
15;17;1;3;18;18;3;9;2;3;17;333
15;18;1;3;16;17;6;15;5;3;17;350
15;19;1;3;14;14;5;12;3;7;21;371
15;20;1;3;13;17;6;15;2;3;20;391
15;21;1;3;17;16;3;12;2;1;18;409
15;22;1;3;18;16;4;12;3;5;20;429
15;23;1;3;17;16;5;12;6;5;16;445
15;24;1;3;13;13;4;15;3;2;20;465
15;25;1;3;14;13;4;18;4;4;24;489
15;26;1;3;13;16;5;12;3;4;18;507
15;27;1;3;18;17;3;12;4;4;19;526
15;28;1;3;13;17;4;15;2;3;22;548
15;29;1;3;13;18;5;0;0;3;8;556
15;30;1;3;13;16;1;12;1;0;20;576
16;1;1;3;15;18;4;9;2;3;16;16
16;2;1;3;15;14;2;3;0;2;13;29
16;3;1;3;14;18;3;15;4;2;20;49
16;4;1;3;14;15;5;9;1;2;15;64
16;5;1;3;14;17;4;15;4;2;19;83
16;6;1;3;17;13;6;15;2;7;24;107
16;7;1;3;17;15;5;3;0;6;14;121
16;8;1;3;14;17;6;18;4;4;22;143
16;9;1;3;15;15;6;12;2;3;17;160
16;10;1;3;13;13;6;18;1;3;24;184
16;11;1;3;17;17;5;18;3;4;24;208
16;12;1;3;14;18;5;12;2;5;20;228
16;13;1;3;13;18;5;6;0;2;13;241
16;14;1;3;17;17;5;15;4;5;21;262
16;15;1;3;18;18;4;3;0;5;14;276
16;16;1;3;18;13;4;15;4;5;22;298
16;17;1;3;13;13;7;12;3;2;14;312
16;18;1;3;17;15;4;18;3;2;23;335
16;19;1;3;18;18;2;0;0;3;11;346
16;20;1;3;14;14;5;9;2;2;14;360
16;21;1;3;15;13;4;18;3;2;23;383
16;22;1;3;15;13;4;15;1;3;23;406
16;23;1;3;15;14;4;9;1;6;20;426
16;24;1;3;17;14;3;12;1;1;19;445
16;25;1;3;18;17;3;15;2;4;24;469
16;26;1;3;15;18;4;0;0;3;9;478
16;27;1;3;13;18;4;6;1;2;13;491
16;28;1;3;14;18;5;0;0;5;10;501
16;29;1;3;14;17;4;0;0;2;8;509
16;30;1;3;15;13;4;12;2;1;17;526
17;1;1;3;13;13;5;12;4;6;19;19
17;2;1;3;13;18;5;9;2;7;19;38
17;3;1;3;15;13;5;15;7;4;17;55
17;4;1;3;18;13;5;15;6;6;20;75
17;5;1;3;16;13;5;15;6;4;18;93
17;6;1;3;14;16;6;18;7;5;20;113
17;7;1;3;14;16;7;15;6;7;19;132
17;8;1;3;16;13;6;18;6;4;20;152
17;9;1;3;13;14;7;9;2;4;14;166
17;10;1;3;14;15;7;24;8;5;24;190
17;11;1;3;16;16;6;15;4;3;18;208
17;12;1;3;18;15;7;12;1;10;24;232
17;13;1;3;15;13;6;18;6;1;17;249
17;14;1;3;16;16;5;15;5;4;19;268
17;15;1;3;13;13;6;15;5;2;16;284
17;16;1;3;15;18;5;15;5;3;18;302
17;17;1;3;14;14;8;12;2;10;22;324
17;18;1;3;15;16;5;12;2;5;20;344
17;19;1;3;13;13;5;15;5;2;17;361
17;20;1;3;15;18;5;15;5;2;17;378
17;21;1;3;13;15;7;9;1;4;15;393
17;22;1;3;13;14;3;6;0;1;14;407
17;23;1;3;18;15;8;15;5;11;23;430
17;24;1;3;18;16;10;9;1;14;22;452
17;25;1;3;16;18;5;18;7;2;18;470
17;26;1;3;14;13;10;15;5;10;20;490
17;27;1;3;15;14;4;6;0;4;16;506
17;28;1;3;15;14;5;12;4;2;15;521
17;29;1;3;16;13;0;15;0;0;25;546
17;30;1;3;18;14;10;15;0;0;15;561
18;1;1;3;16;14;3;6;3;2;12;12
18;2;1;3;17;13;3;15;7;2;17;29
18;3;1;3;16;15;5;12;5;4;16;45
18;4;1;3;13;17;4;15;6;4;19;64
18;5;1;3;13;15;3;18;8;2;19;83
18;6;1;3;15;15;4;15;6;1;16;99
18;7;1;3;13;13;4;12;5;5;18;117
18;8;1;3;15;15;1;15;7;3;20;137
18;9;1;3;14;13;4;18;8;4;20;157
18;10;1;3;15;14;5;21;10;4;20;177
18;11;1;3;14;15;4;6;3;5;14;191
18;12;1;3;16;17;4;21;10;2;19;210
18;13;1;3;16;14;2;30;14;0;24;234
18;14;1;3;15;13;2;15;7;5;21;255
18;15;1;3;16;16;1;12;5;0;16;271
18;16;1;3;17;16;5;12;5;5;17;288
18;17;1;3;15;15;3;9;3;2;15;303
18;18;1;3;13;14;5;21;10;3;19;322
18;19;1;3;16;16;0;6;3;0;13;335
18;20;1;3;17;13;5;15;7;5;18;353
18;21;1;3;14;14;7;21;10;7;21;374
18;22;1;3;14;15;7;12;5;1;11;385
18;23;1;3;13;17;3;24;11;1;21;406
18;24;1;3;14;17;0;30;14;0;26;432
18;25;1;3;17;16;6;9;4;7;16;448
18;26;1;3;16;14;0;21;10;0;21;469
18;27;1;3;16;15;2;9;4;1;14;483
18;28;1;3;16;13;0;18;7;0;21;504
18;29;1;3;15;14;0;21;8;0;23;527
18;30;1;3;14;17;4;30;0;3;39;566
19;1;1;4;23;23;8;0;0;12;14;14
19;2;1;4;24;20;7;18;9;10;22;36
19;3;1;4;21;21;7;24;12;10;25;61
19;4;1;4;21;21;8;30;15;12;29;90
19;5;1;4;21;23;8;15;5;12;24;114
19;6;1;4;22;20;8;24;12;15;29;143
19;7;1;4;24;21;8;30;12;8;28;171
19;8;1;4;21;22;8;6;0;10;18;189
19;9;1;4;21;21;10;24;12;15;27;216
19;10;1;4;23;21;8;30;10;2;24;240
19;11;1;4;21;24;8;12;0;10;24;264
19;12;1;4;20;24;8;3;0;10;15;279
19;13;1;4;24;20;8;18;9;8;19;298
19;14;1;4;23;20;0;21;10;0;21;319
19;15;1;4;22;21;8;24;10;10;26;345
19;16;1;4;20;21;9;24;10;12;27;372
19;17;1;4;20;21;8;24;10;10;26;398
19;18;1;4;21;22;8;9;0;10;21;419
19;19;1;4;24;24;7;6;0;7;16;435
19;20;1;4;22;21;8;27;13;16;32;467
19;21;1;4;24;24;8;12;0;8;22;489
19;22;1;4;20;24;8;9;0;10;21;510
19;23;1;4;21;21;8;30;16;11;27;537
19;24;1;4;20;24;8;3;0;10;15;552
19;25;1;4;22;22;10;6;0;25;31;583
19;26;1;4;20;21;8;30;16;10;26;609
19;27;1;4;24;23;8;6;0;0;8;617
19;28;1;4;23;20;0;18;8;0;20;637
19;29;1;4;24;22;0;6;0;0;16;653
19;30;1;4;22;21;5;30;0;5;40;693
20;1;1;4;22;24;5;12;5;5;17;17
20;2;1;4;19;21;6;24;10;9;27;44
20;3;1;4;22;23;6;0;0;13;17;61
20;4;1;4;24;23;6;0;0;8;12;73
20;5;1;4;23;21;5;15;7;0;13;86
20;6;1;4;19;22;8;9;2;12;21;107
20;7;1;4;21;22;4;6;1;6;17;124
20;8;1;4;24;24;9;6;2;10;15;139
20;9;1;4;23;22;7;9;3;3;12;151
20;10;1;4;21;23;6;18;7;9;24;175
20;11;1;4;22;23;7;24;8;10;29;204
20;12;1;4;22;19;7;24;10;10;27;231
20;13;1;4;19;21;6;15;6;9;22;253
20;14;1;4;19;24;7;12;4;10;21;274
20;15;1;4;23;24;2;9;3;1;15;289
20;16;1;4;24;19;5;27;12;5;25;314
20;17;1;4;23;19;1;24;10;1;24;338
20;18;1;4;23;24;1;12;4;1;18;356
20;19;1;4;21;21;6;15;6;8;21;377
20;20;1;4;21;23;6;12;4;8;20;397
20;21;1;4;23;21;1;18;5;1;23;420
20;22;1;4;22;19;7;24;10;15;32;452
20;23;1;4;24;23;5;9;3;5;16;468
20;24;1;4;21;19;7;24;10;10;27;495
20;25;1;4;21;21;7;15;6;9;21;516
20;26;1;4;21;19;6;24;10;8;26;542
20;27;1;4;22;21;7;15;6;14;26;568
20;28;1;4;19;24;6;3;0;8;15;583
20;29;1;4;21;23;6;6;0;8;18;601
20;30;1;4;21;24;6;0;0;18;22;623
21;1;1;4;24;22;5;6;3;8;16;16
21;2;1;4;20;24;8;15;7;10;20;36
21;3;1;4;19;19;8;21;10;12;25;61
21;4;1;4;19;19;10;24;12;15;27;88
21;5;1;4;20;19;5;24;12;7;24;112
21;6;1;4;23;24;8;3;2;0;3;115
21;7;1;4;19;20;10;12;6;12;18;133
21;8;1;4;23;19;0;24;10;0;24;157
21;9;1;4;19;19;8;30;15;12;29;186
21;10;1;4;19;20;10;18;9;10;19;205
21;11;1;4;23;19;0;24;10;0;24;229
21;12;1;4;23;23;0;21;10;0;21;250
21;13;1;4;20;24;5;12;6;6;17;267
21;14;1;4;22;23;8;15;7;10;20;287
21;15;1;4;19;23;8;27;13;10;26;313
21;16;1;4;19;23;8;24;10;10;26;339
21;17;1;4;19;24;8;12;5;10;19;358
21;18;1;4;22;19;7;24;10;10;27;385
21;19;1;4;20;20;5;18;8;6;21;406
21;20;1;4;19;20;9;18;8;13;24;430
21;21;1;4;20;22;6;9;4;5;14;444
21;22;1;4;23;22;0;9;4;0;15;459
21;23;1;4;19;19;10;24;11;16;29;488
21;24;1;4;24;20;8;21;10;0;13;501
21;25;1;4;20;20;5;21;9;6;23;524
21;26;1;4;19;20;10;18;8;16;26;550
21;27;1;4;20;22;5;9;4;6;16;566
21;28;1;4;22;23;8;15;6;16;27;593
21;29;1;4;22;20;10;18;8;20;30;623
21;30;1;4;19;20;10;18;18;0;0;623
22;1;1;4;21;20;2;15;5;3;21;21
22;2;1;4;23;23;5;0;0;5;10;31
22;3;1;4;24;20;2;18;13;1;14;45
22;4;1;4;23;24;3;12;9;0;10;55
22;5;1;4;24;24;1;9;2;1;17;72
22;6;1;4;20;19;3;24;15;2;18;90
22;7;1;4;20;23;2;24;10;1;23;113
22;8;1;4;19;23;2;21;7;0;22;135
22;9;1;4;20;24;3;12;6;3;16;151
22;10;1;4;24;24;3;15;3;0;19;170
22;11;1;4;24;20;2;21;10;0;19;189
22;12;1;4;24;20;9;21;10;8;20;209
22;13;1;4;23;23;3;21;10;1;19;228
22;14;1;4;24;21;3;24;10;0;21;249
22;15;1;4;24;19;3;24;10;1;22;271
22;16;1;4;23;24;3;12;4;1;16;287
22;17;1;4;24;23;2;15;5;0;18;305
22;18;1;4;19;21;3;21;10;0;18;323
22;19;1;4;23;23;3;12;6;1;14;337
22;20;1;4;24;19;2;24;16;0;16;353
22;21;1;4;21;23;3;12;10;4;13;366
22;22;1;4;21;20;3;21;15;4;17;383
22;23;1;4;23;24;3;12;8;1;12;395
22;24;1;4;23;23;2;15;10;1;14;409
22;25;1;4;19;19;2;30;25;0;13;422
22;26;1;4;24;23;3;15;10;0;12;434
22;27;1;4;21;20;3;21;14;4;18;452
22;28;1;4;24;21;3;24;16;0;15;467
22;29;1;4;19;21;2;30;20;0;18;485
22;30;1;4;23;19;3;15;5;1;18;503
23;1;1;4;19;19;0;24;12;0;22;22
23;2;1;4;22;22;0;15;5;0;20;42
23;3;1;4;20;24;0;18;5;0;23;65
23;4;1;4;20;22;0;9;0;0;19;84
23;5;1;4;19;20;5;15;0;5;25;109
23;6;1;4;24;21;7;24;0;9;36;145
23;7;1;4;22;24;8;9;0;10;21;166
23;8;1;4;22;21;7;0;0;7;10;176
23;9;1;4;24;20;7;21;3;9;30;206
23;10;1;4;20;19;6;24;2;7;33;239
23;11;1;4;20;21;8;0;0;8;10;249
23;12;1;4;21;21;7;0;0;10;13;262
23;13;1;4;22;22;7;9;1;10;21;283
23;14;1;4;21;19;5;0;0;7;12;295
23;15;1;4;21;20;9;6;1;13;19;314
23;16;1;4;21;22;8;9;1;10;20;334
23;17;1;4;22;20;5;3;1;5;12;346
23;18;1;4;24;20;3;3;1;0;9;355
23;19;1;4;22;22;4;9;1;6;20;375
23;20;1;4;20;24;4;6;1;4;15;390
23;21;1;4;22;20;4;3;1;10;18;408
23;22;1;4;24;21;1;0;0;0;9;417
23;23;1;4;20;22;3;9;1;3;18;435
23;24;1;4;22;22;5;6;1;10;20;455
23;25;1;4;24;24;0;6;1;0;15;470
23;26;1;4;22;24;5;3;1;10;17;487
23;27;1;4;19;24;2;3;1;0;10;497
23;28;1;4;21;19;5;0;0;6;11;508
23;29;1;4;20;24;2;3;1;0;10;518
23;30;1;4;24;22;0;9;1;0;18;536
24;1;1;4;20;21;4;15;8;5;18;18
24;2;1;4;21;19;5;21;10;7;23;41
24;3;1;4;23;22;6;6;1;5;14;55
24;4;1;4;22;20;4;18;8;9;25;80
24;5;1;4;22;22;3;3;1;2;11;91
24;6;1;4;21;23;1;21;9;2;23;114
24;7;1;4;23;19;3;24;8;0;23;137
24;8;1;4;20;20;2;27;10;2;27;164
24;9;1;4;22;23;4;21;9;6;24;188
24;10;1;4;22;22;5;9;0;3;17;205
24;11;1;4;19;22;4;6;0;0;12;217
24;12;1;4;19;22;1;27;8;0;28;245
24;13;1;4;21;19;4;24;8;6;28;273
24;14;1;4;20;22;4;9;0;4;19;292
24;15;1;4;20;22;3;9;1;3;18;310
24;16;1;4;22;20;4;15;5;4;20;330
24;17;1;4;21;22;4;6;0;5;17;347
24;18;1;4;20;23;4;9;0;4;19;366
24;19;1;4;19;19;2;21;7;0;22;388
24;20;1;4;23;22;2;6;0;1;15;403
24;21;1;4;19;19;4;24;8;0;22;425
24;22;1;4;19;23;3;3;0;0;10;435
24;23;1;4;22;20;4;15;5;8;24;459
24;24;1;4;19;21;1;24;0;0;33;492
24;25;1;4;23;23;2;0;0;1;9;501
24;26;1;4;23;22;1;9;0;1;19;520
24;27;1;4;23;19;1;24;0;1;34;554
24;28;1;4;20;22;1;9;0;0;18;572
24;29;1;4;23;19;1;0;0;1;10;582
24;30;1;4;20;23;0;0;0;0;10;592
25;1;1;5;26;29;10;15;14;9;10;10
25;2;1;5;26;30;4;15;12;4;13;23
25;3;1;5;27;30;8;18;10;1;11;34
25;4;1;5;27;26;4;15;14;0;7;41
25;5;1;5;29;26;4;6;6;3;9;50
25;6;1;5;27;27;8;3;2;1;4;54
25;7;1;5;29;28;10;9;9;6;6;60
25;8;1;5;28;30;5;21;18;1;9;69
25;9;1;5;29;27;7;6;6;8;11;80
25;10;1;5;29;28;6;9;7;8;14;94
25;11;1;5;27;27;7;15;14;2;6;100
25;12;1;5;28;26;5;3;3;1;6;106
25;13;1;5;29;27;10;9;5;9;13;119
25;14;1;5;28;28;7;18;12;2;11;130
25;15;1;5;28;27;10;15;10;2;7;137
25;16;1;5;30;27;10;9;6;10;13;150
25;17;1;5;26;27;7;12;12;5;8;158
25;18;1;5;30;28;10;15;12;10;13;171
25;19;1;5;27;28;10;18;12;2;8;179
25;20;1;5;26;29;6;15;12;3;10;189
25;21;1;5;27;30;4;21;14;0;13;202
25;22;1;5;26;27;5;0;0;5;10;212
25;23;1;5;30;28;10;15;12;10;13;225
25;24;1;5;30;30;7;21;12;7;19;244
25;25;1;5;27;26;6;15;9;0;10;254
25;26;1;5;28;27;10;15;12;5;8;262
25;27;1;5;27;28;7;15;12;0;6;268
25;28;1;5;26;26;10;12;6;8;14;282
25;29;1;5;27;28;5;15;12;0;8;290
25;30;1;5;29;26;10;21;14;9;16;306
26;1;1;5;27;25;4;30;9;1;28;28
26;2;1;5;28;25;2;12;4;1;17;45
26;3;1;5;29;27;1;3;1;3;14;59
26;4;1;5;25;27;5;3;1;14;21;80
26;5;1;5;25;27;2;6;1;6;19;99
26;6;1;5;29;30;6;15;4;5;20;119
26;7;1;5;28;30;1;18;8;1;20;139
26;8;1;5;30;27;2;3;0;2;13;152
26;9;1;5;30;30;1;15;4;1;21;173
26;10;1;5;30;30;2;9;4;2;15;188
26;11;1;5;30;29;0;6;1;0;15;203
26;12;1;5;25;30;1;15;7;3;20;223
26;13;1;5;27;29;2;9;3;0;14;237
26;14;1;5;30;29;1;18;8;1;20;257
26;15;1;5;29;29;4;27;7;7;33;290
26;16;1;5;29;29;5;15;4;5;21;311
26;17;1;5;30;25;2;21;5;2;26;337
26;18;1;5;29;30;4;18;3;7;28;365
26;19;1;5;29;29;6;15;4;6;21;386
26;20;1;5;27;25;1;18;3;0;24;410
26;21;1;5;28;29;7;15;2;2;18;428
26;22;1;5;28;25;2;15;5;0;18;446
26;23;1;5;29;30;4;15;3;9;27;473
26;24;1;5;28;28;1;18;9;0;18;491
26;25;1;5;25;28;5;21;10;9;25;516
26;26;1;5;30;29;0;9;2;0;17;533
26;27;1;5;30;30;0;15;6;0;19;552
26;28;1;5;25;25;4;30;8;6;34;586
26;29;1;5;29;27;6;21;5;9;29;615
26;30;1;5;25;27;7;21;5;14;33;648
27;1;1;5;30;26;2;12;1;2;21;21
27;2;1;5;29;28;1;15;1;3;26;47
27;3;1;5;26;25;1;24;1;1;33;80
27;4;1;5;26;25;1;12;0;1;22;102
27;5;1;5;26;28;2;18;2;1;25;127
27;6;1;5;25;25;1;24;1;2;34;161
27;7;1;5;30;29;1;6;0;1;16;177
27;8;1;5;26;29;1;6;0;0;15;192
27;9;1;5;25;28;2;3;0;6;17;209
27;10;1;5;28;29;2;3;0;1;12;221
27;11;1;5;25;25;5;21;2;14;38;259
27;12;1;5;30;29;5;15;1;5;24;283
27;13;1;5;25;26;3;6;0;5;18;301
27;14;1;5;29;30;5;15;0;9;29;330
27;15;1;5;25;30;5;6;0;10;21;351
27;16;1;5;25;28;3;6;0;6;19;370
27;17;1;5;25;29;4;12;0;12;30;400
27;18;1;5;28;29;4;6;0;1;13;413
27;19;1;5;30;25;4;30;2;4;38;451
27;20;1;5;28;26;4;3;0;1;10;461
27;21;1;5;30;25;1;12;0;1;22;483
27;22;1;5;25;29;0;18;0;0;28;511
27;23;1;5;28;29;0;15;0;0;25;536
27;24;1;5;29;29;1;6;0;2;17;553
27;25;1;5;29;25;0;18;0;0;28;581
27;26;1;5;25;28;5;3;0;12;20;601
27;27;1;5;29;25;7;21;0;8;32;633
27;28;1;5;28;29;7;21;0;2;26;659
27;29;1;5;26;25;7;15;0;5;23;682
27;30;1;5;26;28;7;3;0;5;11;693
28;1;1;5;29;30;4;12;2;5;21;21
28;2;1;5;27;26;5;6;1;1;11;32
28;3;1;5;30;29;6;21;3;7;29;61
28;4;1;5;29;30;5;24;2;12;39;100
28;5;1;5;27;30;6;6;1;2;11;111
28;6;1;5;30;29;5;9;1;4;17;128
28;7;1;5;25;26;3;3;1;9;18;146
28;8;1;5;29;25;5;15;1;6;25;171
28;9;1;5;27;29;1;3;1;0;11;182
28;10;1;5;25;27;3;6;1;7;19;201
28;11;1;5;29;30;5;12;2;6;21;222
28;12;1;5;29;25;6;15;1;7;25;247
28;13;1;5;30;30;3;12;1;3;21;268
28;14;1;5;25;25;6;21;2;12;35;303
28;15;1;5;30;25;2;30;2;2;38;341
28;16;1;5;27;30;2;12;2;0;18;359
28;17;1;5;29;30;5;12;2;7;22;381
28;18;1;5;25;27;5;12;1;12;28;409
28;19;1;5;25;30;6;12;1;12;27;436
28;20;1;5;30;27;2;12;1;2;21;457
28;21;1;5;29;26;5;21;2;7;31;488
28;22;1;5;30;26;1;6;0;1;16;504
28;23;1;5;25;27;5;0;0;12;17;521
28;24;1;5;26;26;6;3;0;9;16;537
28;25;1;5;26;30;7;15;1;10;27;564
28;26;1;5;27;25;1;30;5;0;34;598
28;27;1;5;25;29;5;9;1;12;25;623
28;28;1;5;30;27;1;21;2;1;29;652
28;29;1;5;25;30;5;15;1;12;31;683
28;30;1;5;27;30;1;18;1;0;26;709
29;1;1;5;25;28;5;12;5;14;26;26
29;2;1;5;30;27;6;3;3;7;11;37
29;3;1;5;28;26;7;3;3;3;6;43
29;4;1;5;30;28;4;15;12;2;11;54
29;5;1;5;30;25;3;12;3;2;18;72
29;6;1;5;28;26;3;18;5;1;21;93
29;7;1;5;27;25;2;30;6;0;32;125
29;8;1;5;27;28;2;15;6;0;17;142
29;9;1;5;28;25;1;21;8;1;23;165
29;10;1;5;27;25;1;18;8;0;19;184
29;11;1;5;26;28;2;15;6;1;18;202
29;12;1;5;27;28;5;18;7;1;17;219
29;13;1;5;26;25;3;30;9;3;31;250
29;14;1;5;26;27;6;15;9;8;18;268
29;15;1;5;26;26;9;12;7;7;13;281
29;16;1;5;26;26;5;15;5;4;19;300
29;17;1;5;27;28;4;15;7;0;14;314
29;18;1;5;27;26;2;12;7;0;13;327
29;19;1;5;26;26;5;18;6;4;21;348
29;20;1;5;25;30;5;21;7;12;31;379
29;21;1;5;26;28;5;15;7;2;15;394
29;22;1;5;27;30;6;24;7;0;21;415
29;23;1;5;27;26;5;12;9;0;8;423
29;24;1;5;27;27;2;3;2;0;9;432
29;25;1;5;30;27;3;0;0;3;10;442
29;26;1;5;26;30;3;24;7;2;26;468
29;27;1;5;28;27;3;21;8;1;21;489
29;28;1;5;27;30;7;24;7;0;20;509
29;29;1;5;30;26;3;18;9;3;19;528
29;30;1;5;30;25;5;30;9;4;30;558
30;1;1;5;28;27;4;6;2;2;12;12
30;2;1;5;25;29;5;18;7;12;28;40
30;3;1;5;25;28;6;18;7;10;25;65
30;4;1;5;28;29;8;12;2;2;14;79
30;5;1;5;28;29;2;9;2;1;16;95
30;6;1;5;26;28;5;15;4;4;20;115
30;7;1;5;26;27;6;3;1;8;14;129
30;8;1;5;25;26;7;6;2;18;25;154
30;9;1;5;26;26;5;3;1;4;11;165
30;10;1;5;26;26;3;6;2;4;15;180
30;11;1;5;28;26;4;0;0;2;8;188
30;12;1;5;26;27;5;15;5;7;22;210
30;13;1;5;28;28;4;9;3;1;13;223
30;14;1;5;27;26;5;3;1;0;7;230
30;15;1;5;27;28;2;6;2;0;12;242
30;16;1;5;28;25;4;30;10;2;28;270
30;17;1;5;28;26;4;6;2;2;12;282
30;18;1;5;26;25;6;30;10;3;27;309
30;19;1;5;28;27;4;12;4;1;15;324
30;20;1;5;29;28;7;6;2;7;14;338
30;21;1;5;25;27;7;3;1;14;19;357
30;22;1;5;29;28;8;3;1;7;11;368
30;23;1;5;26;25;5;30;10;3;28;396
30;24;1;5;25;25;7;21;7;12;29;425
30;25;1;5;28;29;5;9;3;1;12;437
30;26;1;5;29;26;8;0;0;7;9;446
30;27;1;5;26;26;5;0;0;6;11;457
30;28;1;5;29;28;8;3;1;7;11;468
30;29;1;5;28;29;5;9;3;1;12;480
30;30;1;5;28;29;6;15;4;1;16;496
31;1;1;6;35;33;5;9;4;10;20;20
31;2;1;6;34;34;6;18;5;7;24;44
31;3;1;6;36;34;9;15;1;10;25;69
31;4;1;6;36;32;5;12;6;2;13;82
31;5;1;6;35;36;9;0;0;14;15;97
31;6;1;6;36;36;1;3;1;0;11;108
31;7;1;6;33;36;5;0;0;3;8;116
31;8;1;6;33;36;3;9;2;0;14;130
31;9;1;6;35;34;9;15;5;13;24;154
31;10;1;6;34;36;6;15;0;6;25;179
31;11;1;6;35;36;10;0;0;15;15;194
31;12;1;6;36;33;3;9;5;0;11;205
31;13;1;6;35;35;10;24;8;15;31;236
31;14;1;6;34;34;8;15;5;9;21;257
31;15;1;6;36;36;0;6;2;0;14;271
31;16;1;6;35;34;10;18;2;0;16;287
31;17;1;6;32;36;5;0;0;0;5;292
31;18;1;6;33;32;3;6;2;2;13;305
31;19;1;6;33;35;6;0;0;3;7;312
31;20;1;6;32;36;0;0;0;0;10;322
31;21;1;6;35;32;3;6;2;3;14;336
31;22;1;6;32;33;2;12;4;0;16;352
31;23;1;6;36;33;0;12;4;0;18;370
31;24;1;6;35;33;5;12;4;0;13;383
31;25;1;6;32;35;0;0;0;0;10;393
31;26;1;6;35;36;0;3;1;0;12;405
31;27;1;6;33;32;5;0;0;3;8;413
31;28;1;6;32;33;0;12;4;0;18;431
31;29;1;6;33;36;5;0;0;3;8;439
31;30;1;6;32;33;2;15;4;0;19;458
32;1;1;6;36;36;4;9;0;2;17;17
32;2;1;6;33;33;4;15;0;4;25;42
32;3;1;6;34;36;4;30;0;3;39;81
32;4;1;6;31;34;4;18;0;6;30;111
32;5;1;6;34;33;4;12;0;2;20;131
32;6;1;6;35;33;4;12;0;0;18;149
32;7;1;6;36;34;3;12;0;0;19;168
32;8;1;6;35;33;0;3;0;0;13;181
32;9;1;6;36;36;0;0;0;0;10;191
32;10;1;6;36;34;0;12;0;0;22;213
32;11;1;6;34;33;3;9;0;0;16;229
32;12;1;6;34;35;0;30;0;0;40;269
32;13;1;6;34;36;0;3;0;0;13;282
32;14;1;6;35;36;0;24;0;0;34;316
32;15;1;6;34;34;0;6;0;0;16;332
32;16;1;6;33;36;2;0;0;1;9;341
32;17;1;6;35;31;0;15;0;0;25;366
32;18;1;6;31;33;2;3;0;2;13;379
32;19;1;6;34;36;0;0;0;0;10;389
32;20;1;6;34;31;0;0;0;0;10;399
32;21;1;6;31;34;2;6;0;2;16;415
32;22;1;6;36;31;0;6;0;0;16;431
32;23;1;6;35;34;0;6;0;0;16;447
32;24;1;6;33;35;0;0;0;0;10;457
32;25;1;6;34;31;0;0;0;0;10;467
32;26;1;6;34;35;0;0;0;0;10;477
32;27;1;6;31;36;0;15;0;0;25;502
32;28;1;6;35;31;0;0;0;0;10;512
32;29;1;6;34;35;0;0;0;0;10;522
32;30;1;6;36;31;0;6;0;0;16;538
33;1;1;6;31;34;3;15;7;4;19;19
33;2;1;6;32;32;5;12;4;0;13;32
33;3;1;6;35;35;5;21;9;10;27;59
33;4;1;6;34;35;6;15;6;5;18;77
33;5;1;6;32;34;4;21;8;0;19;96
33;6;1;6;32;34;4;18;2;0;22;118
33;7;1;6;35;31;3;15;3;0;19;137
33;8;1;6;32;31;1;9;0;0;18;155
33;9;1;6;34;35;3;30;8;0;29;184
33;10;1;6;35;35;3;12;4;3;18;202
33;11;1;6;32;34;3;18;6;0;19;221
33;12;1;6;31;34;3;21;5;5;28;249
33;13;1;6;36;34;3;18;4;0;21;270
33;14;1;6;36;35;1;9;1;0;17;287
33;15;1;6;35;35;1;0;0;0;9;296
33;16;1;6;34;32;2;6;1;1;14;310
33;17;1;6;34;35;4;0;0;2;8;318
33;18;1;6;32;31;1;9;2;0;16;334
33;19;1;6;36;31;4;18;3;0;21;355
33;20;1;6;36;35;0;0;0;0;10;365
33;21;1;6;36;35;4;0;0;0;6;371
33;22;1;6;31;34;4;21;3;4;28;399
33;23;1;6;31;36;4;9;1;4;18;417
33;24;1;6;31;32;4;0;0;4;10;427
33;25;1;6;36;34;3;15;3;0;19;446
33;26;1;6;36;34;2;15;3;0;20;466
33;27;1;6;35;31;3;15;3;4;23;489
33;28;1;6;31;35;4;0;0;4;10;499
33;29;1;6;35;31;3;15;3;4;23;522
33;30;1;6;31;35;5;0;0;4;9;531
34;1;1;6;33;35;5;18;5;7;25;25
34;2;1;6;31;31;6;18;7;5;20;45
34;3;1;6;31;32;5;12;3;1;15;60
34;4;1;6;32;33;6;18;5;0;17;77
34;5;1;6;33;32;7;12;2;8;21;98
34;6;1;6;33;35;6;15;4;2;17;115
34;7;1;6;32;35;4;30;9;0;27;142
34;8;1;6;36;35;6;30;10;0;24;166
34;9;1;6;31;33;5;9;0;5;19;185
34;10;1;6;32;31;4;18;6;0;18;203
34;11;1;6;33;32;6;9;0;6;19;222
34;12;1;6;33;32;7;0;0;5;8;230
34;13;1;6;33;32;6;0;0;4;8;238
34;14;1;6;31;31;5;24;9;5;25;263
34;15;1;6;32;32;2;0;0;0;8;271
34;16;1;6;31;33;6;6;1;2;11;282
34;17;1;6;36;33;6;12;2;0;14;296
34;18;1;6;35;36;7;15;4;0;14;310
34;19;1;6;35;32;5;0;0;0;5;315
34;20;1;6;35;32;4;0;0;0;6;321
34;21;1;6;32;36;2;6;1;0;13;334
34;22;1;6;33;35;7;9;2;3;13;347
34;23;1;6;32;35;2;0;0;0;8;355
34;24;1;6;36;36;5;6;1;0;10;365
34;25;1;6;33;32;5;0;0;3;8;373
34;26;1;6;33;32;5;0;0;3;8;381
34;27;1;6;36;35;2;0;0;0;8;389
34;28;1;6;36;36;0;18;5;0;23;412
34;29;1;6;36;32;0;0;0;0;10;422
34;30;1;6;35;36;5;0;0;6;11;433
35;1;1;6;34;31;6;15;10;5;14;14
35;2;1;6;36;36;6;15;10;10;19;33
35;3;1;6;33;33;7;15;10;9;17;50
35;4;1;6;33;36;5;15;10;6;16;66
35;5;1;6;36;31;10;27;14;0;13;79
35;6;1;6;34;32;5;12;0;4;21;100
35;7;1;6;34;33;10;9;0;9;18;118
35;8;1;6;34;32;10;0;0;10;10;128
35;9;1;6;33;31;10;27;13;8;22;150
35;10;1;6;33;33;4;9;3;4;16;166
35;11;1;6;36;31;5;30;15;0;20;186
35;12;1;6;32;36;10;0;0;0;0;186
35;13;1;6;31;31;8;30;15;8;25;211
35;14;1;6;33;32;3;0;0;1;8;219
35;15;1;6;33;33;0;3;0;0;13;232
35;16;1;6;36;31;0;30;0;0;40;272
35;17;1;6;33;32;0;0;0;0;10;282
35;18;1;6;36;34;0;21;0;0;31;313
35;19;1;6;31;34;0;15;0;0;25;338
35;20;1;6;33;34;0;12;0;0;22;360
35;21;1;6;33;31;0;9;3;0;16;376
35;22;1;6;34;36;3;0;0;2;9;385
35;23;1;6;34;32;0;0;0;0;10;395
35;24;1;6;32;31;0;15;0;0;25;420
35;25;1;6;31;36;0;0;0;0;10;430
35;26;1;6;32;31;0;0;0;0;10;440
35;27;1;6;34;33;0;9;4;0;15;455
35;28;1;6;33;32;0;0;0;0;10;465
35;29;1;6;32;33;0;9;4;0;15;480
35;30;1;6;33;34;0;15;6;0;19;499
36;1;1;6;32;32;3;12;2;0;17;17
36;2;1;6;35;35;5;18;10;10;23;40
36;3;1;6;32;31;10;27;10;0;17;57
36;4;1;6;35;31;5;15;2;10;28;85
36;5;1;6;31;35;0;30;0;0;40;125
36;6;1;6;31;31;1;3;0;1;13;138
36;7;1;6;31;32;0;9;0;0;19;157
36;8;1;6;31;34;3;18;0;2;27;184
36;9;1;6;32;32;0;0;0;0;10;194
36;10;1;6;31;32;5;0;0;0;5;199
36;11;1;6;31;35;0;15;0;0;25;224
36;12;1;6;35;31;0;9;0;0;19;243
36;13;1;6;32;33;1;9;0;0;18;261
36;14;1;6;32;33;8;3;0;0;5;266
36;15;1;6;31;31;2;0;0;2;10;276
36;16;1;6;32;35;0;0;0;0;10;286
36;17;1;6;31;34;0;18;0;0;28;314
36;18;1;6;34;35;5;0;0;4;9;323
36;19;1;6;32;33;0;12;0;0;22;345
36;20;1;6;31;33;0;0;0;0;10;355
36;21;1;6;34;33;2;12;0;1;21;376
36;22;1;6;35;32;0;0;0;0;10;386
36;23;1;6;33;31;3;0;0;1;8;394
36;24;1;6;34;34;2;15;0;1;24;418
36;25;1;6;35;33;0;9;0;0;19;437
36;26;1;6;31;33;1;6;0;1;16;453
36;27;1;6;32;34;5;6;0;0;11;464
36;28;1;6;34;34;6;0;0;5;9;473
36;29;1;6;31;34;0;0;0;0;10;483
36;30;1;6;34;32;0;0;0;0;10;493
1;1;2;1;3;5;7;12;6;5;14;14
1;2;2;1;3;5;4;15;8;5;18;32
1;3;2;1;4;5;7;18;9;3;15;47
1;4;2;1;2;3;7;18;9;3;15;62
1;5;2;1;6;6;7;15;8;6;16;78
1;6;2;1;4;2;4;30;20;2;18;96
1;7;2;1;4;5;3;15;8;1;15;111
1;8;2;1;2;2;10;30;20;7;17;128
1;9;2;1;6;6;5;3;2;1;7;135
1;10;2;1;5;4;6;12;4;9;21;156
1;11;2;1;3;6;6;30;14;5;25;181
1;12;2;1;3;6;3;3;2;0;8;189
1;13;2;1;6;3;7;15;0;7;25;214
1;14;2;1;4;4;0;9;3;0;16;230
1;15;2;1;2;2;5;24;10;6;25;255
1;16;2;1;6;2;4;24;11;1;20;275
1;17;2;1;3;6;3;9;1;1;16;291
1;18;2;1;4;3;1;15;5;0;19;310
1;19;2;1;2;3;8;15;6;7;18;328
1;20;2;1;6;6;2;15;1;0;22;350
1;21;2;1;4;2;2;21;6;0;23;373
1;22;2;1;2;5;4;24;12;2;20;393
1;23;2;1;3;6;0;27;0;0;37;430
1;24;2;1;6;2;3;18;7;1;19;449
1;25;2;1;5;3;3;0;0;4;11;460
1;26;2;1;6;4;3;9;0;1;17;477
1;27;2;1;2;5;2;24;10;1;23;500
1;28;2;1;3;4;0;18;0;0;28;528
1;29;2;1;3;3;0;0;0;0;10;538
1;30;2;1;5;6;0;3;0;0;13;551
2;1;2;1;4;4;5;15;3;4;21;21
2;2;2;1;6;6;5;27;7;4;29;50
2;3;2;1;3;4;8;12;2;6;18;68
2;4;2;1;5;1;8;21;3;12;32;100
2;5;2;1;3;5;7;21;5;6;25;125
2;6;2;1;1;5;10;15;0;20;35;160
2;7;2;1;6;6;9;27;10;6;24;184
2;8;2;1;1;1;10;30;7;20;43;227
2;9;2;1;3;3;6;18;5;6;23;250
2;10;2;1;4;3;10;18;2;5;21;271
2;11;2;1;4;4;7;18;5;3;19;290
2;12;2;1;5;3;10;15;1;18;32;322
2;13;2;1;3;4;7;18;4;5;22;344
2;14;2;1;6;3;10;18;4;1;15;359
2;15;2;1;1;1;8;15;6;10;21;380
2;16;2;1;1;5;8;9;1;11;21;401
2;17;2;1;6;4;9;18;3;2;18;419
2;18;2;1;5;6;9;9;1;16;25;444
2;19;2;1;6;1;3;24;7;3;27;471
2;20;2;1;4;5;5;9;3;0;11;482
2;21;2;1;1;5;7;12;4;6;17;499
2;22;2;1;3;1;8;12;2;5;17;516
2;23;2;1;5;3;6;18;4;6;24;540
2;24;2;1;1;3;6;12;2;7;21;561
2;25;2;1;4;4;5;15;3;0;17;578
2;26;2;1;3;3;7;0;0;0;3;581
2;27;2;1;3;1;0;6;1;0;15;596
2;28;2;1;6;6;4;6;0;1;13;609
2;29;2;1;5;6;6;6;0;6;16;625
2;30;2;1;4;5;2;18;0;0;26;651
3;1;2;1;6;1;5;21;5;5;26;26
3;2;2;1;4;1;5;12;5;3;15;41
3;3;2;1;6;2;4;24;6;4;28;69
3;4;2;1;1;6;6;30;8;9;35;104
3;5;2;1;4;2;6;21;6;2;21;125
3;6;2;1;6;4;8;12;1;5;18;143
3;7;2;1;5;4;5;6;1;6;16;159
3;8;2;1;4;4;2;12;2;0;18;177
3;9;2;1;2;2;6;18;6;5;21;198
3;10;2;1;2;6;6;24;8;2;22;220
3;11;2;1;5;1;6;18;5;6;23;243
3;12;2;1;2;1;5;9;0;1;15;258
3;13;2;1;1;2;5;21;5;0;21;279
3;14;2;1;2;5;6;18;5;4;21;300
3;15;2;1;4;4;5;9;0;1;15;315
3;16;2;1;5;4;6;12;2;6;20;335
3;17;2;1;5;1;6;9;1;7;19;354
3;18;2;1;1;4;5;6;1;5;15;369
3;19;2;1;1;4;5;15;5;6;21;390
3;20;2;1;5;4;6;12;3;6;19;409
3;21;2;1;5;6;6;3;0;7;14;423
3;22;2;1;5;2;5;24;5;5;29;452
3;23;2;1;2;1;6;0;0;4;8;460
3;24;2;1;2;5;4;15;4;2;19;479
3;25;2;1;1;6;0;15;1;0;24;503
3;26;2;1;2;2;0;21;0;0;31;534
3;27;2;1;6;2;0;0;0;0;10;544
3;28;2;1;5;1;0;0;0;0;10;554
3;29;2;1;1;1;0;0;0;0;10;564
3;30;2;1;6;4;0;9;0;0;19;583
4;1;2;1;2;2;5;15;4;3;19;19
4;2;2;1;5;3;5;15;3;7;24;43
4;3;2;1;2;1;4;21;3;2;26;69
4;4;2;1;6;5;5;12;1;1;17;86
4;5;2;1;5;3;4;18;2;5;27;113
4;6;2;1;3;1;4;12;2;1;17;130
4;7;2;1;3;1;2;9;1;1;17;147
4;8;2;1;3;3;4;6;0;2;14;161
4;9;2;1;5;5;5;15;2;5;23;184
4;10;2;1;1;2;4;30;5;4;35;219
4;11;2;1;2;2;6;21;3;5;27;246
4;12;2;1;6;5;4;9;2;2;15;261
4;13;2;1;2;5;6;9;1;4;16;277
4;14;2;1;1;1;3;0;0;3;10;287
4;15;2;1;3;3;3;15;1;0;21;308
4;16;2;1;3;6;4;6;0;2;14;322
4;17;2;1;2;5;6;12;1;3;18;340
4;18;2;1;3;1;2;3;0;1;12;352
4;19;2;1;3;5;5;6;1;5;15;367
4;20;2;1;3;2;4;15;0;3;24;391
4;21;2;1;6;1;4;6;0;1;13;404
4;22;2;1;6;6;7;9;0;0;12;416
4;23;2;1;6;5;3;9;1;0;15;431
4;24;2;1;5;6;4;6;0;1;13;444
4;25;2;1;2;2;5;15;0;3;23;467
4;26;2;1;1;5;3;9;0;0;16;483
4;27;2;1;5;6;5;6;0;5;16;499
4;28;2;1;1;5;6;12;1;0;15;514
4;29;2;1;6;5;6;6;0;2;12;526
4;30;2;1;3;2;3;6;0;0;13;539
5;1;2;1;1;6;4;9;4;6;17;17
5;2;2;1;1;4;5;15;7;8;21;38
5;3;2;1;1;6;6;9;3;9;19;57
5;4;2;1;4;2;4;24;12;1;19;76
5;5;2;1;2;4;7;12;5;5;15;91
5;6;2;1;2;6;5;24;12;0;17;108
5;7;2;1;1;3;5;15;6;8;22;130
5;8;2;1;6;6;5;27;15;1;18;148
5;9;2;1;4;4;5;15;5;2;17;165
5;10;2;1;6;1;5;18;9;0;14;179
5;11;2;1;6;3;2;18;6;0;20;199
5;12;2;1;4;2;3;30;18;2;21;220
5;13;2;1;4;6;3;18;0;1;26;246
5;14;2;1;3;6;6;0;0;5;9;255
5;15;2;1;6;6;2;30;18;6;26;281
5;16;2;1;2;3;3;18;6;1;20;301
5;17;2;1;4;3;4;18;7;1;18;319
5;18;2;1;6;2;7;27;16;2;16;335
5;19;2;1;4;6;2;15;5;1;19;354
5;20;2;1;2;3;3;18;6;3;22;376
5;21;2;1;2;3;4;18;7;4;21;397
5;22;2;1;1;3;8;15;5;12;24;421
5;23;2;1;4;2;3;18;6;1;20;441
5;24;2;1;3;4;5;12;1;4;20;461
5;25;2;1;6;1;4;9;4;1;12;473
5;26;2;1;4;6;3;6;2;0;11;484
5;27;2;1;1;4;8;15;5;10;22;506
5;28;2;1;4;3;4;0;0;1;7;513
5;29;2;1;4;2;2;18;6;0;20;533
5;30;2;1;2;1;6;0;0;0;4;537
6;1;2;1;5;3;3;15;5;4;21;21
6;2;2;1;2;2;9;15;4;7;19;40
6;3;2;1;5;3;3;12;4;3;18;58
6;4;2;1;3;4;10;15;1;8;22;80
6;5;2;1;1;1;5;21;6;8;28;108
6;6;2;1;5;3;8;24;5;12;33;141
6;7;2;1;2;2;9;27;6;10;32;173
6;8;2;1;5;5;9;15;1;15;30;203
6;9;2;1;1;1;1;15;1;2;25;228
6;10;2;1;3;5;8;15;0;8;25;253
6;11;2;1;1;5;10;6;0;14;20;273
6;12;2;1;1;4;1;12;2;2;21;294
6;13;2;1;5;1;6;21;7;0;18;312
6;14;2;1;5;2;0;30;1;0;39;351
6;15;2;1;5;5;10;6;6;18;18;369
6;16;2;1;4;1;2;12;1;0;19;388
6;17;2;1;1;2;3;27;2;1;33;421
6;18;2;1;2;5;3;21;2;1;27;448
6;19;2;1;5;2;5;9;3;5;16;464
6;20;2;1;1;1;5;6;0;1;12;476
6;21;2;1;3;4;1;12;1;0;20;496
6;22;2;1;4;4;3;21;0;0;28;524
6;23;2;1;1;4;9;9;0;0;10;534
6;24;2;1;4;1;2;9;1;0;16;550
6;25;2;1;3;5;5;12;1;1;17;567
6;26;2;1;5;1;2;9;1;2;18;585
6;27;2;1;4;3;2;0;0;0;8;593
6;28;2;1;2;2;2;12;1;0;19;612
6;29;2;1;2;4;2;18;2;0;24;636
6;30;2;1;1;3;1;0;0;0;9;645
7;1;2;2;8;10;4;15;2;6;25;25
7;2;2;2;10;10;8;18;10;10;20;45
7;3;2;2;12;9;3;15;1;1;22;67
7;4;2;2;8;11;4;24;5;6;31;98
7;5;2;2;8;8;7;30;1;10;42;140
7;6;2;2;12;11;2;24;1;2;33;173
7;7;2;2;9;11;9;0;0;5;6;179
7;8;2;2;12;11;5;21;1;4;29;208
7;9;2;2;10;8;2;0;0;2;10;218
7;10;2;2;11;8;6;30;0;1;35;253
7;11;2;2;10;9;7;15;1;10;27;280
7;12;2;2;8;11;6;0;0;0;4;284
7;13;2;2;8;8;2;30;0;3;41;325
7;14;2;2;11;9;2;15;1;0;22;347
7;15;2;2;10;11;5;0;0;7;12;359
7;16;2;2;8;12;4;30;1;0;35;394
7;17;2;2;12;12;5;6;1;2;12;406
7;18;2;2;12;10;4;30;1;4;39;445
7;19;2;2;12;9;10;6;0;15;21;466
7;20;2;2;11;8;10;0;0;0;0;466
7;21;2;2;8;11;1;0;0;0;9;475
7;22;2;2;8;10;2;3;1;0;10;485
7;23;2;2;12;11;3;0;0;3;10;495
7;24;2;2;9;9;9;15;0;7;23;518
7;25;2;2;10;9;0;15;0;0;25;543
7;26;2;2;10;9;5;21;1;5;30;573
7;27;2;2;10;8;7;0;0;7;10;583
7;28;2;2;11;11;5;30;0;6;41;624
7;29;2;2;12;9;7;6;0;7;16;640
7;30;2;2;9;12;5;15;0;0;20;660
8;1;2;2;9;7;10;12;6;7;13;13
8;2;2;2;12;9;10;21;10;17;28;41
8;3;2;2;10;12;10;30;15;12;27;68
8;4;2;2;9;7;10;12;6;5;11;79
8;5;2;2;7;7;10;21;10;1;12;91
8;6;2;2;9;9;0;15;7;0;18;109
8;7;2;2;11;10;10;30;15;8;23;132
8;8;2;2;9;10;10;30;15;7;22;154
8;9;2;2;7;12;0;30;15;0;25;179
8;10;2;2;7;11;10;27;13;0;14;193
8;11;2;2;9;11;0;27;13;0;24;217
8;12;2;2;10;7;10;18;0;15;33;250
8;13;2;2;7;7;10;6;3;0;3;253
8;14;2;2;10;10;10;30;15;15;30;283
8;15;2;2;11;10;10;30;15;14;29;312
8;16;2;2;9;7;0;12;0;0;22;334
8;17;2;2;9;9;0;3;0;0;13;347
8;18;2;2;11;9;10;9;0;15;24;371
8;19;2;2;9;11;0;30;15;0;25;396
8;20;2;2;7;10;0;30;15;0;25;421
8;21;2;2;11;7;10;3;0;15;18;439
8;22;2;2;12;7;10;6;0;16;22;461
8;23;2;2;10;12;10;30;15;15;30;491
8;24;2;2;10;10;10;30;15;15;30;521
8;25;2;2;12;11;10;30;15;15;30;551
8;26;2;2;12;11;10;30;15;15;30;581
8;27;2;2;7;9;0;15;0;0;25;606
8;28;2;2;9;10;0;30;15;0;25;631
8;29;2;2;9;11;0;30;0;0;40;671
8;30;2;2;10;9;0;6;0;0;16;687
9;1;2;2;10;8;6;30;7;9;36;36
9;2;2;2;8;11;7;24;10;10;27;63
9;3;2;2;7;11;5;18;8;1;16;79
9;4;2;2;10;8;4;30;5;5;36;115
9;5;2;2;12;12;5;24;8;5;26;141
9;6;2;2;8;8;5;0;0;7;12;153
9;7;2;2;12;7;5;27;5;5;32;185
9;8;2;2;11;8;5;30;7;3;31;216
9;9;2;2;11;11;2;21;2;0;27;243
9;10;2;2;10;12;2;21;3;2;28;271
9;11;2;2;7;8;5;0;0;1;6;277
9;12;2;2;11;12;2;6;4;0;10;287
9;13;2;2;10;11;5;0;0;7;12;299
9;14;2;2;7;12;5;15;5;1;16;315
9;15;2;2;12;12;5;18;3;5;25;340
9;16;2;2;11;8;6;0;0;0;4;344
9;17;2;2;8;8;1;0;0;0;9;353
9;18;2;2;8;11;3;0;0;0;7;360
9;19;2;2;7;8;2;0;0;0;8;368
9;20;2;2;12;11;6;0;0;8;12;380
9;21;2;2;10;12;5;15;6;7;21;401
9;22;2;2;10;11;6;0;0;9;13;414
9;23;2;2;11;10;5;30;7;0;28;442
9;24;2;2;7;7;5;27;7;0;25;467
9;25;2;2;7;10;5;18;5;0;18;485
9;26;2;2;7;12;7;15;5;1;14;499
9;27;2;2;8;10;5;18;3;0;20;519
9;28;2;2;12;8;5;0;0;5;10;529
9;29;2;2;7;8;2;0;0;0;8;537
9;30;2;2;8;7;2;15;0;0;23;560
10;1;2;2;7;9;5;18;9;2;16;16
10;2;2;2;7;7;6;24;10;10;28;44
10;3;2;2;11;8;7;30;12;8;29;73
10;4;2;2;12;9;8;12;5;14;23;96
10;5;2;2;11;11;7;24;10;7;24;120
10;6;2;2;11;12;10;24;10;11;25;145
10;7;2;2;8;12;10;30;12;15;33;178
10;8;2;2;8;12;10;27;13;15;29;207
10;9;2;2;12;7;10;6;2;16;20;227
10;10;2;2;12;9;10;6;2;15;19;246
10;11;2;2;12;7;10;21;10;17;28;274
10;12;2;2;12;8;10;30;15;17;32;306
10;13;2;2;12;9;10;15;7;18;26;332
10;14;2;2;8;8;10;30;15;15;30;362
10;15;2;2;8;7;10;15;7;15;23;385
10;16;2;2;12;11;10;30;15;17;32;417
10;17;2;2;11;11;10;30;15;15;30;447
10;18;2;2;7;12;10;30;15;1;16;463
10;19;2;2;11;12;10;30;15;15;30;493
10;20;2;2;8;12;10;30;15;15;30;523
10;21;2;2;12;9;10;15;7;16;24;547
10;22;2;2;7;9;1;18;9;1;19;566
10;23;2;2;9;8;10;30;15;7;22;588
10;24;2;2;8;8;10;30;15;15;30;618
10;25;2;2;9;7;6;0;0;5;9;627
10;26;2;2;11;7;10;15;5;15;25;652
10;27;2;2;9;7;6;21;7;3;21;673
10;28;2;2;8;12;10;30;15;15;30;703
10;29;2;2;11;12;10;30;15;15;30;733
10;30;2;2;11;8;10;0;0;0;0;733
11;1;2;2;12;12;8;18;6;10;24;24
11;2;2;2;9;12;8;24;10;10;26;50
11;3;2;2;9;10;6;21;8;8;25;75
11;4;2;2;7;12;8;27;8;5;26;101
11;5;2;2;10;10;8;21;7;10;26;127
11;6;2;2;7;10;8;30;11;1;22;149
11;7;2;2;7;8;0;30;8;0;32;181
11;8;2;2;7;9;7;15;3;1;16;197
11;9;2;2;9;9;7;6;0;2;11;208
11;10;2;2;8;7;9;18;1;13;31;239
11;11;2;2;8;12;9;30;12;13;32;271
11;12;2;2;7;9;0;6;0;0;16;287
11;13;2;2;9;12;0;27;12;0;25;312
11;14;2;2;12;7;10;6;0;15;21;333
11;15;2;2;7;8;0;30;14;0;26;359
11;16;2;2;10;9;10;18;0;15;33;392
11;17;2;2;10;10;10;30;15;15;30;422
11;18;2;2;9;8;0;30;15;0;25;447
11;19;2;2;8;10;10;30;15;15;30;477
11;20;2;2;9;7;0;30;0;0;40;517
11;21;2;2;7;8;0;30;15;0;25;542
11;22;2;2;9;12;0;27;13;0;24;566
11;23;2;2;7;9;0;15;0;0;25;591
11;24;2;2;12;12;10;30;15;15;30;621
11;25;2;2;8;12;10;30;15;15;30;651
11;26;2;2;8;10;10;30;15;15;30;681
11;27;2;2;12;12;10;30;15;15;30;711
11;28;2;2;7;7;10;15;6;0;9;720
11;29;2;2;8;10;10;30;15;0;15;735
11;30;2;2;12;10;10;30;0;15;45;780
12;1;2;2;11;11;6;24;10;6;24;24
12;2;2;2;11;8;8;30;17;10;25;49
12;3;2;2;8;7;10;9;1;15;23;72
12;4;2;2;11;10;9;24;14;8;19;91
12;5;2;2;9;9;8;15;5;8;20;111
12;6;2;2;10;7;8;6;2;10;16;127
12;7;2;2;10;9;10;15;5;12;22;149
12;8;2;2;10;7;9;15;4;13;25;174
12;9;2;2;8;10;10;30;16;15;29;203
12;10;2;2;9;10;7;30;15;3;21;224
12;11;2;2;11;10;10;30;17;12;25;249
12;12;2;2;9;10;2;30;17;4;25;274
12;13;2;2;11;10;9;30;18;12;25;299
12;14;2;2;9;11;5;30;15;5;25;324
12;15;2;2;9;9;6;15;5;3;17;341
12;16;2;2;7;10;10;30;17;1;14;355
12;17;2;2;7;7;2;15;2;1;22;377
12;18;2;2;10;7;10;12;4;15;23;400
12;19;2;2;10;7;10;30;15;15;30;430
12;20;2;2;10;9;10;18;8;15;25;455
12;21;2;2;9;10;5;30;16;6;25;480
12;22;2;2;11;8;9;30;16;13;28;508
12;23;2;2;8;7;10;9;3;15;21;529
12;24;2;2;11;11;10;30;15;15;30;559
12;25;2;2;11;8;10;30;15;15;30;589
12;26;2;2;9;8;5;30;15;5;25;614
12;27;2;2;11;11;10;30;15;15;30;644
12;28;2;2;10;9;10;15;5;15;25;669
12;29;2;2;10;7;10;21;7;15;29;698
12;30;2;2;7;11;5;30;15;0;20;718
13;1;2;3;15;16;10;9;0;5;14;14
13;2;2;3;17;18;10;6;0;5;11;25
13;3;2;3;14;15;0;18;0;0;28;53
13;4;2;3;14;14;10;27;2;14;39;92
13;5;2;3;16;16;10;9;0;5;14;106
13;6;2;3;17;15;10;6;0;8;14;120
13;7;2;3;18;16;10;0;0;0;0;120
13;8;2;3;18;15;10;15;5;15;25;145
13;9;2;3;16;17;5;30;15;5;25;170
13;10;2;3;15;17;5;24;12;5;22;192
13;11;2;3;18;14;10;27;14;2;15;207
13;12;2;3;14;16;10;12;2;0;10;217
13;13;2;3;18;17;10;27;14;10;23;240
13;14;2;3;14;14;10;9;4;2;7;247
13;15;2;3;15;17;10;27;13;6;20;267
13;16;2;3;18;15;10;15;5;10;20;287
13;17;2;3;14;17;10;6;2;1;5;292
13;18;2;3;14;16;10;21;8;2;15;307
13;19;2;3;18;14;10;15;5;1;11;318
13;20;2;3;14;14;2;18;0;0;26;344
13;21;2;3;14;17;0;6;0;0;16;360
13;22;2;3;15;17;5;9;1;4;17;377
13;23;2;3;18;15;7;12;0;0;15;392
13;24;2;3;17;18;2;21;7;0;22;414
13;25;2;3;15;17;6;6;0;0;10;424
13;26;2;3;16;14;10;12;4;0;8;432
13;27;2;3;16;18;10;21;7;0;14;446
13;28;2;3;14;18;7;18;6;0;15;461
13;29;2;3;16;15;0;0;0;0;10;471
13;30;2;3;14;17;0;24;0;0;34;505
14;1;2;3;18;17;10;6;1;15;20;20
14;2;2;3;16;15;10;15;0;7;22;42
14;3;2;3;18;13;9;0;0;14;15;57
14;4;2;3;13;13;9;30;14;2;19;76
14;5;2;3;17;17;8;21;2;9;30;106
14;6;2;3;16;16;7;12;1;0;14;120
14;7;2;3;15;15;10;6;0;8;14;134
14;8;2;3;15;18;5;30;14;2;23;157
14;9;2;3;18;15;10;12;2;13;23;180
14;10;2;3;18;16;9;12;0;13;26;206
14;11;2;3;13;15;9;15;3;14;27;233
14;12;2;3;15;13;2;30;0;0;38;271
14;13;2;3;17;16;8;18;0;3;23;294
14;14;2;3;13;13;3;30;2;4;39;333
14;15;2;3;16;18;3;30;2;0;35;368
14;16;2;3;16;18;9;21;1;0;21;389
14;17;2;3;15;13;7;30;1;5;37;426
14;18;2;3;17;13;5;30;2;11;44;470
14;19;2;3;13;16;5;21;0;5;31;501
14;20;2;3;13;13;6;6;0;0;10;511
14;21;2;3;16;13;0;0;0;0;10;521
14;22;2;3;16;15;5;15;0;0;20;541
14;23;2;3;16;18;0;15;1;0;24;565
14;24;2;3;16;15;0;6;0;0;16;581
14;25;2;3;17;16;7;18;0;7;28;609
14;26;2;3;13;18;4;24;3;4;31;640
14;27;2;3;15;16;6;12;1;0;15;655
14;28;2;3;17;13;6;21;0;0;25;680
14;29;2;3;18;18;8;15;2;0;15;695
14;30;2;3;16;13;2;0;0;0;8;703
15;1;2;3;16;13;5;30;5;10;40;40
15;2;2;3;14;17;5;9;3;0;11;51
15;3;2;3;13;17;6;18;5;0;17;68
15;4;2;3;16;18;4;21;7;0;20;88
15;5;2;3;18;18;5;15;5;4;19;107
15;6;2;3;13;18;2;21;6;0;23;130
15;7;2;3;14;14;2;30;8;0;30;160
15;8;2;3;13;14;5;15;2;5;23;183
15;9;2;3;14;16;4;15;2;2;21;204
15;10;2;3;16;13;4;15;5;0;16;220
15;11;2;3;14;16;5;18;1;3;25;245
15;12;2;3;18;14;5;6;0;4;15;260
15;13;2;3;16;18;3;24;5;0;26;286
15;14;2;3;17;18;5;24;6;6;29;315
15;15;2;3;18;13;6;30;6;0;28;343
15;16;2;3;13;17;5;12;4;5;18;361
15;17;2;3;17;14;4;21;5;3;25;386
15;18;2;3;18;18;5;15;4;1;17;403
15;19;2;3;16;17;4;6;0;0;12;415
15;20;2;3;16;18;1;18;2;0;25;440
15;21;2;3;18;18;4;21;5;1;23;463
15;22;2;3;14;13;5;15;4;0;16;479
15;23;2;3;13;17;4;0;0;0;6;485
15;24;2;3;14;16;2;18;2;0;24;509
15;25;2;3;18;13;4;18;0;0;24;533
15;26;2;3;17;17;0;12;0;0;22;555
15;27;2;3;17;14;0;18;0;0;28;583
15;28;2;3;16;16;2;18;0;4;30;613
15;29;2;3;13;17;0;6;0;0;16;629
15;30;2;3;18;18;0;18;0;0;28;657
16;1;2;3;13;15;3;15;10;0;12;12
16;2;2;3;18;14;6;30;7;7;34;46
16;3;2;3;17;18;6;24;5;6;29;75
16;4;2;3;17;15;10;12;0;9;21;96
16;5;2;3;13;13;3;30;5;0;32;128
16;6;2;3;14;14;4;21;0;1;28;156
16;7;2;3;13;17;0;12;4;0;18;174
16;8;2;3;17;17;8;0;0;1;3;177
16;9;2;3;15;13;5;15;5;2;17;194
16;10;2;3;14;15;4;12;0;0;18;212
16;11;2;3;15;17;6;18;2;1;21;233
16;12;2;3;13;17;4;12;4;2;16;249
16;13;2;3;14;15;6;9;0;0;13;262
16;14;2;3;18;17;5;15;0;0;20;282
16;15;2;3;17;14;3;9;0;1;17;299
16;16;2;3;17;14;6;27;0;7;38;337
16;17;2;3;18;18;6;30;0;2;36;373
16;18;2;3;13;17;7;21;0;8;32;405
16;19;2;3;14;15;7;12;0;0;15;420
16;20;2;3;17;15;5;3;0;5;13;433
16;21;2;3;17;14;5;0;0;1;6;439
16;22;2;3;18;14;6;15;0;0;19;458
16;23;2;3;17;14;4;0;0;6;12;470
16;24;2;3;15;14;6;0;0;2;6;476
16;25;2;3;14;18;6;24;3;0;25;501
16;26;2;3;18;13;5;30;0;0;35;536
16;27;2;3;14;13;4;30;0;1;37;573
16;28;2;3;15;15;6;6;4;0;6;579
16;29;2;3;17;13;7;0;0;0;3;582
16;30;2;3;17;14;4;6;0;5;17;599
17;1;2;3;14;18;2;9;2;1;16;16
17;2;2;3;15;13;3;30;5;3;35;51
17;3;2;3;15;16;6;18;6;5;21;72
17;4;2;3;18;16;5;30;9;2;28;100
17;5;2;3;14;14;7;24;9;2;20;120
17;6;2;3;18;13;3;30;8;1;30;150
17;7;2;3;16;18;4;30;7;4;33;183
17;8;2;3;16;16;0;24;1;0;33;216
17;9;2;3;13;18;10;30;10;15;35;251
17;10;2;3;13;18;8;30;9;12;35;286
17;11;2;3;16;18;6;30;10;2;26;312
17;12;2;3;16;18;4;30;10;4;30;342
17;13;2;3;13;14;9;24;3;14;36;378
17;14;2;3;16;15;5;15;6;0;14;392
17;15;2;3;13;16;9;9;1;13;22;414
17;16;2;3;15;16;4;18;7;4;21;435
17;17;2;3;13;15;2;12;3;2;19;454
17;18;2;3;16;14;7;15;11;0;7;461
17;19;2;3;15;18;2;27;27;0;8;469
17;20;2;3;18;16;5;15;5;4;19;488
17;21;2;3;13;16;2;15;1;0;22;510
17;22;2;3;13;18;3;30;10;1;28;538
17;23;2;3;15;16;0;12;6;0;16;554
17;24;2;3;18;13;5;6;0;0;11;565
17;25;2;3;13;14;2;21;7;0;22;587
17;26;2;3;15;15;4;0;0;0;6;593
17;27;2;3;18;15;6;0;0;1;5;598
17;28;2;3;18;14;4;18;0;0;24;622
17;29;2;3;15;16;2;21;0;0;29;651
17;30;2;3;13;16;8;12;5;0;9;660
18;1;2;3;17;14;3;30;15;2;24;24
18;2;2;3;13;16;2;18;7;0;19;43
18;3;2;3;16;14;8;27;14;5;20;63
18;4;2;3;15;17;7;15;2;7;23;86
18;5;2;3;15;15;5;15;4;5;21;107
18;6;2;3;15;17;7;9;1;6;17;124
18;7;2;3;17;13;10;30;0;7;37;161
18;8;2;3;14;13;10;30;15;14;29;190
18;9;2;3;17;14;10;30;13;10;27;217
18;10;2;3;17;14;10;27;13;9;23;240
18;11;2;3;17;13;10;30;2;10;38;278
18;12;2;3;17;15;10;15;4;10;21;299
18;13;2;3;15;13;8;30;10;5;27;326
18;14;2;3;15;16;8;15;0;6;23;349
18;15;2;3;14;15;10;18;0;2;20;369
18;16;2;3;14;13;7;30;10;1;24;393
18;17;2;3;16;16;10;18;2;0;16;409
18;18;2;3;15;15;5;15;1;4;23;432
18;19;2;3;17;13;9;30;1;27;57;489
18;20;2;3;15;17;6;15;4;2;17;506
18;21;2;3;15;15;7;12;1;5;19;525
18;22;2;3;17;16;10;18;0;10;28;553
18;23;2;3;14;13;5;21;0;1;27;580
18;24;2;3;13;17;7;15;0;7;25;605
18;25;2;3;16;15;8;12;0;3;17;622
18;26;2;3;14;16;8;15;0;3;20;642
18;27;2;3;13;17;7;18;1;7;27;669
18;28;2;3;13;17;6;12;0;6;22;691
18;29;2;3;14;14;5;24;0;2;31;722
18;30;2;3;15;15;6;0;0;0;4;726
19;1;2;4;24;22;6;6;3;9;16;16
19;2;2;4;20;21;5;15;8;7;19;35
19;3;2;4;20;21;7;21;11;8;21;56
19;4;2;4;21;22;6;6;2;10;18;74
19;5;2;4;20;20;5;30;14;8;29;103
19;6;2;4;24;20;7;24;12;8;23;126
19;7;2;4;22;22;2;6;2;1;13;139
19;8;2;4;20;21;8;15;8;12;21;160
19;9;2;4;23;23;6;0;0;2;6;166
19;10;2;4;21;20;7;30;15;10;28;194
19;11;2;4;23;24;0;30;13;0;27;221
19;12;2;4;23;24;4;30;15;0;21;242
19;13;2;4;23;21;0;24;11;0;23;265
19;14;2;4;24;20;10;27;14;15;28;293
19;15;2;4;24;21;9;27;14;10;24;317
19;16;2;4;22;20;4;30;13;1;24;341
19;17;2;4;20;21;9;24;12;15;28;369
19;18;2;4;24;24;10;30;15;15;30;399
19;19;2;4;22;21;1;30;14;0;25;424
19;20;2;4;23;22;0;6;0;0;16;440
19;21;2;4;23;24;2;30;15;2;25;465
19;22;2;4;21;20;10;30;15;15;30;495
19;23;2;4;22;22;2;6;1;1;14;509
19;24;2;4;22;24;1;30;15;0;24;533
19;25;2;4;23;22;1;9;0;1;19;552
19;26;2;4;21;23;10;21;10;13;24;576
19;27;2;4;20;20;10;30;15;13;28;604
19;28;2;4;21;22;8;3;0;11;16;620
19;29;2;4;21;24;10;30;13;0;17;637
19;30;2;4;21;24;5;30;0;0;35;672
20;1;2;4;22;24;6;30;15;2;21;21
20;2;2;4;22;19;2;15;7;1;17;38
20;3;2;4;23;19;8;21;8;1;16;54
20;4;2;4;23;23;2;3;0;2;13;67
20;5;2;4;19;19;10;15;8;14;21;88
20;6;2;4;19;22;8;6;3;12;17;105
20;7;2;4;24;24;9;30;18;10;23;128
20;8;2;4;23;19;10;24;12;0;12;140
20;9;2;4;21;21;8;21;11;14;26;166
20;10;2;4;19;24;10;30;12;15;33;199
20;11;2;4;21;23;8;0;0;11;13;212
20;12;2;4;24;21;10;27;13;15;29;241
20;13;2;4;24;23;10;0;0;15;15;256
20;14;2;4;19;21;9;24;11;14;28;284
20;15;2;4;22;24;5;30;30;1;6;290
20;16;2;4;19;24;10;30;15;13;28;318
20;17;2;4;23;19;0;27;15;0;22;340
20;18;2;4;22;23;8;15;1;1;17;357
20;19;2;4;24;24;10;30;18;20;32;389
20;20;2;4;24;23;10;6;0;15;21;410
20;21;2;4;24;22;10;6;0;15;21;431
20;22;2;4;19;24;10;30;19;15;26;457
20;23;2;4;21;24;10;30;15;16;31;488
20;24;2;4;21;23;10;9;1;15;23;511
20;25;2;4;21;21;10;30;15;14;29;540
20;26;2;4;23;24;3;30;16;3;24;564
20;27;2;4;19;19;10;30;13;15;32;596
20;28;2;4;24;23;10;9;1;15;23;619
20;29;2;4;22;22;2;6;1;0;13;632
20;30;2;4;23;22;0;3;0;0;13;645
21;1;2;4;23;23;6;0;0;1;5;5
21;2;2;4;19;22;5;6;2;8;17;22
21;3;2;4;19;22;7;6;1;11;19;41
21;4;2;4;24;19;5;18;10;5;18;59
21;5;2;4;24;22;6;6;1;10;19;78
21;6;2;4;23;24;3;30;13;0;24;102
21;7;2;4;23;23;0;6;1;0;15;117
21;8;2;4;19;22;5;6;2;8;17;134
21;9;2;4;20;20;7;24;14;11;24;158
21;10;2;4;22;19;3;21;10;1;19;177
21;11;2;4;22;20;1;24;11;1;23;200
21;12;2;4;20;22;9;6;1;13;19;219
21;13;2;4;19;22;8;6;2;11;17;236
21;14;2;4;20;23;8;9;2;11;20;256
21;15;2;4;19;23;9;15;7;14;23;279
21;16;2;4;23;22;4;6;1;4;15;294
21;17;2;4;19;22;8;3;1;12;16;310
21;18;2;4;23;22;2;6;1;1;14;324
21;19;2;4;19;23;10;12;6;14;20;344
21;20;2;4;22;24;3;30;16;1;22;366
21;21;2;4;22;23;2;12;4;1;17;383
21;22;2;4;23;19;3;30;15;3;25;408
21;23;2;4;23;20;3;30;16;1;22;430
21;24;2;4;24;20;10;30;15;10;25;455
21;25;2;4;20;20;10;30;14;15;31;486
21;26;2;4;22;19;2;30;13;0;25;511
21;27;2;4;23;23;2;21;2;2;29;540
21;28;2;4;22;19;2;24;11;1;22;562
21;29;2;4;23;19;1;30;0;0;39;601
21;30;2;4;24;19;6;15;0;0;19;620
22;1;2;4;19;20;2;18;2;3;27;27
22;2;2;4;21;20;2;6;1;2;15;42
22;3;2;4;21;24;2;30;1;1;38;80
22;4;2;4;19;24;2;15;1;2;24;104
22;5;2;4;21;23;2;0;0;1;9;113
22;6;2;4;20;23;2;3;0;3;14;127
22;7;2;4;19;19;2;6;1;2;15;142
22;8;2;4;21;24;2;30;1;2;39;181
22;9;2;4;24;24;2;0;0;3;11;192
22;10;2;4;23;21;2;9;1;2;18;210
22;11;2;4;24;21;0;3;1;0;12;222
22;12;2;4;21;23;2;6;1;1;14;236
22;13;2;4;21;24;2;6;0;2;16;252
22;14;2;4;23;24;2;15;0;2;25;277
22;15;2;4;23;20;2;15;1;4;26;303
22;16;2;4;21;19;2;12;1;1;20;323
22;17;2;4;21;24;1;0;0;1;10;333
22;18;2;4;21;20;2;24;1;1;32;365
22;19;2;4;23;19;2;3;0;2;13;378
22;20;2;4;19;21;2;9;1;0;16;394
22;21;2;4;20;21;2;6;1;0;13;407
22;22;2;4;24;23;1;12;1;0;20;427
22;23;2;4;19;19;2;6;1;1;14;441
22;24;2;4;23;19;1;3;0;1;13;454
22;25;2;4;19;24;3;6;1;0;12;466
22;26;2;4;24;21;1;6;0;1;16;482
22;27;2;4;24;24;1;30;0;0;39;521
22;28;2;4;19;21;1;6;1;0;14;535
22;29;2;4;20;20;2;6;0;1;15;550
22;30;2;4;20;23;1;6;0;0;15;565
23;1;2;4;21;21;0;18;1;0;27;27
23;2;2;4;24;24;0;30;1;0;39;66
23;3;2;4;24;20;0;24;1;0;33;99
23;4;2;4;20;20;1;6;2;0;13;112
23;5;2;4;22;24;0;0;0;0;10;122
23;6;2;4;22;21;1;9;0;0;18;140
23;7;2;4;21;21;2;0;0;1;9;149
23;8;2;4;24;20;0;30;0;0;40;189
23;9;2;4;19;19;0;18;2;0;26;215
23;10;2;4;24;22;0;6;2;0;14;229
23;11;2;4;20;19;0;0;0;0;10;239
23;12;2;4;22;19;2;12;0;1;21;260
23;13;2;4;20;19;0;0;0;0;10;270
23;14;2;4;21;22;3;6;2;2;13;283
23;15;2;4;21;22;5;6;4;7;14;297
23;16;2;4;24;21;5;12;4;5;18;315
23;17;2;4;24;20;5;0;0;5;10;325
23;18;2;4;20;21;5;6;1;1;11;336
23;19;2;4;21;22;4;6;2;6;16;352
23;20;2;4;20;19;2;0;0;0;8;360
23;21;2;4;21;19;4;6;2;4;14;374
23;22;2;4;22;21;4;9;3;1;13;387
23;23;2;4;24;21;2;9;1;1;17;404
23;24;2;4;20;22;3;3;1;1;10;414
23;25;2;4;24;19;5;3;1;5;12;426
23;26;2;4;19;20;7;9;3;10;19;445
23;27;2;4;21;21;7;6;2;2;9;454
23;28;2;4;20;24;3;0;0;1;8;462
23;29;2;4;24;21;2;3;0;0;11;473
23;30;2;4;22;20;2;0;0;0;8;481
24;1;2;4;20;19;10;18;9;15;24;24
24;2;2;4;23;23;10;0;0;1;1;25
24;3;2;4;22;23;10;0;0;1;1;26
24;4;2;4;22;21;5;15;5;1;16;42
24;5;2;4;23;21;0;18;10;0;18;60
24;6;2;4;21;19;10;21;8;13;26;86
24;7;2;4;20;20;10;27;10;18;35;121
24;8;2;4;22;23;10;0;0;1;1;122
24;9;2;4;22;22;0;6;3;0;13;135
24;10;2;4;20;23;10;0;0;12;12;147
24;11;2;4;19;22;10;0;0;13;13;160
24;12;2;4;19;20;10;30;15;15;30;190
24;13;2;4;22;20;2;30;15;0;23;213
24;14;2;4;22;19;5;30;15;0;20;233
24;15;2;4;20;19;10;27;10;30;47;280
24;16;2;4;20;23;10;15;5;15;25;305
24;17;2;4;22;23;0;15;5;0;20;325
24;18;2;4;19;19;10;30;15;15;30;355
24;19;2;4;20;20;10;30;20;18;28;383
24;20;2;4;21;20;10;30;15;16;31;414
24;21;2;4;19;20;10;30;15;15;30;444
24;22;2;4;20;22;10;3;0;19;22;466
24;23;2;4;20;23;10;6;1;15;20;486
24;24;2;4;19;21;10;30;10;15;35;521
24;25;2;4;22;23;2;15;5;1;19;540
24;26;2;4;20;22;10;3;1;16;18;558
24;27;2;4;22;22;10;3;0;0;3;561
24;28;2;4;23;20;0;30;15;0;25;586
24;29;2;4;19;23;10;6;0;13;19;605
24;30;2;4;19;21;10;18;0;0;18;623
25;1;2;5;30;26;6;12;3;5;18;18
25;2;2;5;30;30;7;15;4;6;20;38
25;3;2;5;30;27;8;15;6;9;20;58
25;4;2;5;26;27;8;15;4;9;22;80
25;5;2;5;27;30;5;30;12;3;26;106
25;6;2;5;26;28;6;12;5;7;18;124
25;7;2;5;27;29;8;9;4;4;11;135
25;8;2;5;27;26;4;24;10;2;22;157
25;9;2;5;26;28;8;9;4;10;17;174
25;10;2;5;27;28;8;15;7;4;14;188
25;11;2;5;29;26;6;27;11;1;21;209
25;12;2;5;26;27;9;18;8;13;24;233
25;13;2;5;30;28;10;12;6;11;17;250
25;14;2;5;30;26;10;30;14;11;27;277
25;15;2;5;30;30;10;30;14;12;28;305
25;16;2;5;29;27;7;18;8;3;16;321
25;17;2;5;28;29;7;6;1;7;15;336
25;18;2;5;26;30;10;27;11;13;29;365
25;19;2;5;27;28;9;18;8;5;16;381
25;20;2;5;26;29;10;9;4;13;18;399
25;21;2;5;28;29;8;12;6;9;17;416
25;22;2;5;28;30;10;30;15;9;24;440
25;23;2;5;30;29;10;6;3;14;17;457
25;24;2;5;29;30;5;30;15;0;20;477
25;25;2;5;26;28;10;24;10;12;26;503
25;26;2;5;28;30;10;30;15;10;25;528
25;27;2;5;27;26;10;30;13;7;24;552
25;28;2;5;30;27;10;24;9;14;29;581
25;29;2;5;28;26;10;30;13;9;26;607
25;30;2;5;29;27;5;18;1;0;22;629
26;1;2;5;25;30;4;6;3;3;12;12
26;2;2;5;28;27;6;12;5;12;23;35
26;3;2;5;29;28;5;12;4;1;14;49
26;4;2;5;27;25;8;24;9;4;21;70
26;5;2;5;29;28;6;21;8;2;19;89
26;6;2;5;30;25;9;18;7;7;19;108
26;7;2;5;30;28;2;18;7;2;21;129
26;8;2;5;25;30;8;24;10;10;26;155
26;9;2;5;30;25;10;24;10;11;25;180
26;10;2;5;29;29;0;9;1;0;18;198
26;11;2;5;25;29;9;0;0;11;12;210
26;12;2;5;28;25;6;27;13;5;23;233
26;13;2;5;29;30;0;30;13;0;27;260
26;14;2;5;25;27;10;15;7;14;22;282
26;15;2;5;28;28;5;18;8;4;19;301
26;16;2;5;27;29;5;9;2;3;15;316
26;17;2;5;27;28;2;15;9;0;14;330
26;18;2;5;28;25;5;30;13;5;27;357
26;19;2;5;30;27;10;18;5;10;23;380
26;20;2;5;27;25;4;30;13;2;25;405
26;21;2;5;27;27;6;18;4;5;23;428
26;22;2;5;27;29;3;0;0;2;9;437
26;23;2;5;29;27;0;15;5;0;20;457
26;24;2;5;28;28;5;21;6;4;24;481
26;25;2;5;30;25;10;30;12;11;29;510
26;26;2;5;27;28;7;15;4;4;18;528
26;27;2;5;25;30;10;30;12;13;31;559
26;28;2;5;27;28;0;15;5;0;20;579
26;29;2;5;25;30;10;24;3;13;34;613
26;30;2;5;28;29;10;0;0;8;8;621
27;1;2;5;28;29;4;9;0;8;23;23
27;2;2;5;26;29;4;6;1;5;16;39
27;3;2;5;25;30;5;21;5;6;27;66
27;4;2;5;25;26;5;24;4;4;29;95
27;5;2;5;28;25;4;15;3;6;24;119
27;6;2;5;29;29;3;9;2;0;14;133
27;7;2;5;28;25;4;24;4;5;31;164
27;8;2;5;30;25;4;12;2;5;21;185
27;9;2;5;28;29;4;6;0;4;16;201
27;10;2;5;30;25;5;24;4;6;31;232
27;11;2;5;28;30;4;21;4;5;28;260
27;12;2;5;25;29;6;6;0;8;18;278
27;13;2;5;28;29;4;0;0;4;10;288
27;14;2;5;26;28;5;15;4;7;23;311
27;15;2;5;29;29;0;0;0;0;10;321
27;16;2;5;25;26;6;15;3;8;24;345
27;17;2;5;30;26;6;6;0;5;15;360
27;18;2;5;30;29;5;0;0;5;10;370
27;19;2;5;26;25;6;27;5;5;31;401
27;20;2;5;29;26;0;12;2;0;20;421
27;21;2;5;26;26;6;18;5;4;21;442
27;22;2;5;30;26;5;9;2;5;17;459
27;23;2;5;26;28;5;21;4;5;27;486
27;24;2;5;30;29;4;0;0;4;10;496
27;25;2;5;28;29;6;3;0;5;12;508
27;26;2;5;29;26;0;21;4;0;27;535
27;27;2;5;28;25;6;30;7;6;33;568
27;28;2;5;25;26;8;0;0;9;11;579
27;29;2;5;30;29;4;0;0;4;10;589
27;30;2;5;25;30;6;12;0;1;17;606
28;1;2;5;29;27;3;12;8;1;12;12
28;2;2;5;29;26;2;18;12;0;14;26
28;3;2;5;26;29;4;3;0;4;13;39
28;4;2;5;30;29;4;6;1;5;16;55
28;5;2;5;26;27;7;12;6;8;17;72
28;6;2;5;25;30;4;27;13;5;25;97
28;7;2;5;26;27;6;12;5;7;18;115
28;8;2;5;29;29;2;12;3;0;17;132
28;9;2;5;25;27;3;12;4;4;19;151
28;10;2;5;25;30;5;24;9;7;27;178
28;11;2;5;30;27;8;12;5;9;18;196
28;12;2;5;30;26;6;18;5;5;22;218
28;13;2;5;25;27;4;12;4;6;20;238
28;14;2;5;27;29;5;6;1;4;14;252
28;15;2;5;26;26;6;15;4;8;23;275
28;16;2;5;30;30;7;24;9;6;24;299
28;17;2;5;26;25;5;21;7;9;28;327
28;18;2;5;29;26;2;15;5;0;18;345
28;19;2;5;25;29;6;0;0;8;12;357
28;20;2;5;30;30;6;15;4;5;20;377
28;21;2;5;30;25;6;24;9;6;25;402
28;22;2;5;29;25;0;30;9;0;31;433
28;23;2;5;27;30;7;15;4;4;18;451
28;24;2;5;26;26;7;15;4;6;20;471
28;25;2;5;25;27;8;18;5;10;25;496
28;26;2;5;26;25;5;30;10;4;29;525
28;27;2;5;29;27;0;18;6;0;22;547
28;28;2;5;26;29;5;3;0;5;13;560
28;29;2;5;29;25;0;30;9;0;31;591
28;30;2;5;30;26;2;30;8;4;34;625
29;1;2;5;27;28;3;9;1;0;15;15
29;2;2;5;27;28;2;6;0;1;15;30
29;3;2;5;28;26;1;15;1;0;23;53
29;4;2;5;28;30;2;12;0;1;21;74
29;5;2;5;30;26;3;18;2;0;23;97
29;6;2;5;27;27;3;9;0;2;18;115
29;7;2;5;25;30;3;15;1;4;25;140
29;8;2;5;28;28;4;6;0;3;15;155
29;9;2;5;27;30;2;0;0;0;8;163
29;10;2;5;26;26;3;0;0;1;8;171
29;11;2;5;26;25;0;18;1;0;27;198
29;12;2;5;27;30;2;6;0;0;14;212
29;13;2;5;27;26;0;0;0;0;10;222
29;14;2;5;28;30;2;0;0;1;9;231
29;15;2;5;27;27;0;0;0;0;10;241
29;16;2;5;26;25;3;21;3;2;27;268
29;17;2;5;25;30;2;0;0;1;9;277
29;18;2;5;27;28;0;6;0;0;16;293
29;19;2;5;28;30;0;0;0;0;10;303
29;20;2;5;25;27;3;0;0;4;11;314
29;21;2;5;25;30;4;0;0;6;12;326
29;22;2;5;26;28;0;0;0;0;10;336
29;23;2;5;25;26;2;0;0;3;11;347
29;24;2;5;27;25;0;15;0;0;25;372
29;25;2;5;27;30;1;0;0;0;9;381
29;26;2;5;30;27;0;0;0;0;10;391
29;27;2;5;30;28;0;0;0;0;10;401
29;28;2;5;28;30;1;0;0;0;9;410
29;29;2;5;27;28;0;0;0;0;10;420
29;30;2;5;26;25;0;15;0;0;25;445
30;1;2;5;26;25;2;18;5;3;24;24
30;2;2;5;25;25;5;21;6;4;24;48
30;3;2;5;27;25;7;24;9;5;23;71
30;4;2;5;29;28;4;12;5;0;13;84
30;5;2;5;25;29;10;9;0;12;21;105
30;6;2;5;28;26;9;27;7;13;34;139
30;7;2;5;29;26;5;6;2;1;10;149
30;8;2;5;26;27;8;12;5;10;19;168
30;9;2;5;29;26;0;30;11;0;29;197
30;10;2;5;28;27;8;15;6;9;20;217
30;11;2;5;27;28;7;24;9;4;22;239
30;12;2;5;29;28;2;18;5;0;21;260
30;13;2;5;26;25;10;30;11;13;32;292
30;14;2;5;29;25;0;30;11;0;29;321
30;15;2;5;25;25;10;30;12;14;32;353
30;16;2;5;28;28;8;21;6;9;26;379
30;17;2;5;29;27;0;18;5;0;23;402
30;18;2;5;25;27;9;15;5;11;22;424
30;19;2;5;29;26;0;30;10;0;30;454
30;20;2;5;28;28;5;18;5;4;22;476
30;21;2;5;29;28;0;18;6;0;22;498
30;22;2;5;25;27;10;15;5;15;25;523
30;23;2;5;28;25;5;30;14;4;25;548
30;24;2;5;25;27;10;12;4;15;23;571
30;25;2;5;29;26;0;30;11;0;29;600
30;26;2;5;25;29;10;0;0;15;15;615
30;27;2;5;26;29;10;0;0;12;12;627
30;28;2;5;29;25;0;30;14;0;26;653
30;29;2;5;26;27;8;12;4;3;13;666
30;30;2;5;27;28;4;6;4;0;8;674
31;1;2;6;33;34;4;9;3;5;17;17
31;2;2;6;33;34;5;3;0;8;16;33
31;3;2;6;34;32;4;12;4;4;18;51
31;4;2;6;33;33;4;12;4;4;18;69
31;5;2;6;32;36;5;24;10;8;27;96
31;6;2;6;34;36;5;30;14;5;26;122
31;7;2;6;33;33;5;9;2;5;17;139
31;8;2;6;33;34;5;6;2;5;14;153
31;9;2;6;33;35;4;0;0;0;6;159
31;10;2;6;35;32;1;9;3;0;15;174
31;11;2;6;33;33;4;15;5;1;17;191
31;12;2;6;36;32;6;12;3;6;19;210
31;13;2;6;35;34;0;18;6;0;22;232
31;14;2;6;33;36;3;24;10;0;21;253
31;15;2;6;33;36;0;30;14;0;26;279
31;16;2;6;36;35;9;6;0;13;20;299
31;17;2;6;35;34;2;18;7;0;19;318
31;18;2;6;35;36;0;30;15;0;25;343
31;19;2;6;33;32;0;9;0;0;19;362
31;20;2;6;34;32;6;3;0;5;12;374
31;21;2;6;32;35;0;3;0;0;13;387
31;22;2;6;33;36;0;30;15;0;25;412
31;23;2;6;32;34;3;12;4;0;15;427
31;24;2;6;35;33;0;0;0;0;10;437
31;25;2;6;34;33;4;0;0;2;8;445
31;26;2;6;33;34;0;6;0;0;16;461
31;27;2;6;34;32;0;0;0;0;10;471
31;28;2;6;34;35;0;3;0;0;13;484
31;29;2;6;34;33;0;0;0;0;10;494
31;30;2;6;36;34;0;0;0;0;10;504
32;1;2;6;36;33;3;12;8;2;13;13
32;2;2;6;34;35;3;6;3;1;11;24
32;3;2;6;31;35;4;6;2;4;14;38
32;4;2;6;34;35;2;3;1;1;11;49
32;5;2;6;36;31;2;15;8;1;16;65
32;6;2;6;35;34;1;9;2;0;16;81
32;7;2;6;34;34;1;6;0;0;15;96
32;8;2;6;34;33;2;12;5;1;16;112
32;9;2;6;35;34;2;6;2;0;12;124
32;10;2;6;31;33;3;18;5;3;23;147
32;11;2;6;36;34;3;15;5;2;19;166
32;12;2;6;31;35;4;3;0;3;12;178
32;13;2;6;34;35;2;6;2;1;13;191
32;14;2;6;34;35;2;3;1;0;10;201
32;15;2;6;34;34;2;12;3;2;19;220
32;16;2;6;34;33;3;12;4;2;17;237
32;17;2;6;34;33;2;15;4;0;19;256
32;18;2;6;34;33;1;0;0;0;9;265
32;19;2;6;31;33;3;18;2;0;23;288
32;20;2;6;31;33;1;0;0;0;9;297
32;21;2;6;33;31;0;0;0;0;10;307
32;22;2;6;35;33;0;3;0;0;13;320
32;23;2;6;34;31;1;9;0;0;18;338
32;24;2;6;34;36;0;9;0;0;19;357
32;25;2;6;35;34;0;0;0;0;10;367
32;26;2;6;36;33;0;15;0;0;25;392
32;27;2;6;31;34;0;0;0;0;10;402
32;28;2;6;36;33;0;0;0;0;10;412
32;29;2;6;35;35;0;0;0;0;10;422
32;30;2;6;33;35;0;0;0;0;10;432
33;1;2;6;32;31;4;12;5;8;21;21
33;2;2;6;36;31;6;15;8;9;20;41
33;3;2;6;36;34;5;6;1;6;16;57
33;4;2;6;31;31;4;12;4;4;18;75
33;5;2;6;35;34;7;12;4;0;11;86
33;6;2;6;36;35;3;6;0;1;14;100
33;7;2;6;31;31;3;15;5;2;19;119
33;8;2;6;32;31;4;15;5;5;21;140
33;9;2;6;36;31;5;12;0;7;24;164
33;10;2;6;32;35;6;3;0;5;12;176
33;11;2;6;31;31;5;12;1;5;21;197
33;12;2;6;35;34;4;15;5;0;16;213
33;13;2;6;36;36;5;27;0;5;37;250
33;14;2;6;35;31;2;9;0;0;17;267
33;15;2;6;35;31;8;0;0;0;2;269
33;16;2;6;32;34;4;15;1;4;24;293
33;17;2;6;32;36;5;15;5;4;19;312
33;18;2;6;32;34;0;9;0;0;19;331
33;19;2;6;32;31;6;0;0;2;6;337
33;20;2;6;32;36;0;21;0;0;31;368
33;21;2;6;35;32;0;0;0;0;10;378
33;22;2;6;32;31;1;0;0;0;9;387
33;23;2;6;36;35;5;0;0;0;5;392
33;24;2;6;31;34;0;24;0;0;34;426
33;25;2;6;31;36;0;12;4;0;18;444
33;26;2;6;32;31;5;0;0;0;5;449
33;27;2;6;36;35;4;0;0;0;6;455
33;28;2;6;32;34;0;0;0;0;10;465
33;29;2;6;31;36;0;3;0;0;13;478
33;30;2;6;35;32;0;0;0;0;10;488
34;1;2;6;31;35;3;6;2;3;14;14
34;2;2;6;31;32;1;9;1;0;17;31
34;3;2;6;33;31;2;12;4;1;17;48
34;4;2;6;36;32;6;6;1;9;18;66
34;5;2;6;33;35;4;3;0;4;13;79
34;6;2;6;32;31;3;15;5;2;19;98
34;7;2;6;32;32;2;3;0;0;11;109
34;8;2;6;31;32;2;6;1;2;15;124
34;9;2;6;32;36;2;24;8;2;26;150
34;10;2;6;36;36;7;30;9;10;34;184
34;11;2;6;32;35;5;6;1;5;15;199
34;12;2;6;33;36;5;24;8;5;26;225
34;13;2;6;31;32;6;6;1;6;15;240
34;14;2;6;36;32;7;6;0;10;19;259
34;15;2;6;32;32;4;6;2;3;13;272
34;16;2;6;33;32;5;9;2;1;13;285
34;17;2;6;31;32;6;6;0;7;17;302
34;18;2;6;33;32;3;3;0;0;10;312
34;19;2;6;35;36;3;15;4;0;18;330
34;20;2;6;35;31;0;18;5;0;23;353
34;21;2;6;36;36;8;18;5;10;25;378
34;22;2;6;36;35;5;9;1;6;19;397
34;23;2;6;31;32;4;3;0;4;13;410
34;24;2;6;33;32;8;0;0;0;2;412
34;25;2;6;32;31;0;12;2;0;20;432
34;26;2;6;31;35;2;0;0;0;8;440
34;27;2;6;32;31;0;0;0;0;10;450
34;28;2;6;33;31;0;0;0;0;10;460
34;29;2;6;36;31;5;0;0;0;5;465
34;30;2;6;31;36;0;0;0;0;10;475
35;1;2;6;34;36;2;24;5;2;29;29
35;2;2;6;32;36;2;21;2;3;30;59
35;3;2;6;32;36;2;6;0;2;16;75
35;4;2;6;32;36;1;21;1;1;30;105
35;5;2;6;34;33;1;21;0;0;30;135
35;6;2;6;33;32;2;3;0;0;11;146
35;7;2;6;36;36;3;30;0;4;41;187
35;8;2;6;36;36;2;0;0;0;8;195
35;9;2;6;31;32;0;6;0;0;16;211
35;10;2;6;33;31;1;3;0;0;12;223
35;11;2;6;34;36;2;0;0;1;9;232
35;12;2;6;32;33;1;12;0;0;21;253
35;13;2;6;32;31;2;0;0;2;10;263
35;14;2;6;32;33;1;6;0;1;16;279
35;15;2;6;36;33;2;24;0;0;32;311
35;16;2;6;31;36;2;0;0;0;8;319
35;17;2;6;36;31;1;6;0;1;16;335
35;18;2;6;36;31;2;0;0;2;10;345
35;19;2;6;36;34;0;9;0;0;19;364
35;20;2;6;36;34;0;0;0;0;10;374
35;21;2;6;31;33;1;0;0;0;9;383
35;22;2;6;34;32;3;0;0;1;8;391
35;23;2;6;33;36;0;0;0;0;10;401
35;24;2;6;36;31;0;0;0;0;10;411
35;25;2;6;36;32;1;0;0;0;9;420
35;26;2;6;34;36;0;0;0;0;10;430
35;27;2;6;33;36;0;0;0;0;10;440
35;28;2;6;31;36;1;0;0;0;9;449
35;29;2;6;32;32;0;0;0;0;10;459
35;30;2;6;32;33;0;0;0;0;10;469
36;1;2;6;35;32;8;9;2;5;14;14
36;2;2;6;35;33;7;18;9;2;14;28
36;3;2;6;35;33;2;15;6;0;17;45
36;4;2;6;35;34;7;18;9;1;13;58
36;5;2;6;31;32;8;6;1;10;17;75
36;6;2;6;31;33;10;9;1;14;22;97
36;7;2;6;35;35;10;9;4;0;5;102
36;8;2;6;35;35;0;6;0;0;16;118
36;9;2;6;34;33;8;15;7;8;18;136
36;10;2;6;34;34;10;21;10;9;20;156
36;11;2;6;35;32;0;9;2;0;17;173
36;12;2;6;34;31;8;18;6;8;22;195
36;13;2;6;33;33;9;15;5;0;11;206
36;14;2;6;31;34;8;21;10;10;23;229
36;15;2;6;31;35;10;6;0;14;20;249
36;16;2;6;35;31;0;27;13;0;24;273
36;17;2;6;33;35;5;3;1;5;12;285
36;18;2;6;31;35;10;6;2;15;19;304
36;19;2;6;34;35;5;0;0;4;9;313
36;20;2;6;33;35;7;0;0;0;3;316
36;21;2;6;34;34;6;24;10;5;23;339
36;22;2;6;31;34;10;15;6;15;24;363
36;23;2;6;35;33;0;15;0;0;25;388
36;24;2;6;32;35;3;0;0;0;7;395
36;25;2;6;33;35;4;3;0;4;13;408
36;26;2;6;35;32;0;0;0;0;10;418
36;27;2;6;35;33;0;12;0;0;22;440
36;28;2;6;35;32;0;0;0;0;10;450
36;29;2;6;33;34;1;15;0;0;24;474
36;30;2;6;34;31;0;0;0;0;10;484

